-- MySQL dump 10.13  Distrib 5.7.29, for Win32 (AMD64)
--
-- Host: localhost    Database: aula_mysql
-- ------------------------------------------------------
-- Server version	5.7.29-log

/*!40101 SET @OLD_CHARACTER_SET_CLIENT=@@CHARACTER_SET_CLIENT */;
/*!40101 SET @OLD_CHARACTER_SET_RESULTS=@@CHARACTER_SET_RESULTS */;
/*!40101 SET @OLD_COLLATION_CONNECTION=@@COLLATION_CONNECTION */;
/*!40101 SET NAMES utf8 */;
/*!40103 SET @OLD_TIME_ZONE=@@TIME_ZONE */;
/*!40103 SET TIME_ZONE='+00:00' */;
/*!40014 SET @OLD_UNIQUE_CHECKS=@@UNIQUE_CHECKS, UNIQUE_CHECKS=0 */;
/*!40014 SET @OLD_FOREIGN_KEY_CHECKS=@@FOREIGN_KEY_CHECKS, FOREIGN_KEY_CHECKS=0 */;
/*!40101 SET @OLD_SQL_MODE=@@SQL_MODE, SQL_MODE='NO_AUTO_VALUE_ON_ZERO' */;
/*!40111 SET @OLD_SQL_NOTES=@@SQL_NOTES, SQL_NOTES=0 */;

--
-- Table structure for table `alunos`
--

DROP TABLE IF EXISTS `alunos`;
/*!40101 SET @saved_cs_client     = @@character_set_client */;
/*!40101 SET character_set_client = utf8 */;
CREATE TABLE `alunos` (
  `codigo` int(11) DEFAULT NULL,
  `nome` varchar(20) DEFAULT NULL,
  `periodo` varchar(2) DEFAULT NULL,
  `nota` decimal(4,1) DEFAULT NULL
) ENGINE=InnoDB DEFAULT CHARSET=latin1;
/*!40101 SET character_set_client = @saved_cs_client */;

--
-- Dumping data for table `alunos`
--

LOCK TABLES `alunos` WRITE;
/*!40000 ALTER TABLE `alunos` DISABLE KEYS */;
INSERT INTO `alunos` VALUES (1,'DáNIELÁ','B1',7.5),(1,'DáNIELÁ','B2',9.7),(1,'DáNIELÁ','B3',8.5),(1,'DáNIELÁ','B4',10.0),(2,'JOSE','B1',6.7),(2,'JOSE','B2',9.2),(2,'JOSE','B3',8.5),(2,'JOSE','B4',7.0),(3,'MARCELO','B1',3.2),(3,'MARCELO','B2',4.2),(3,'MARCELO','B3',0.0),(3,'MARCELO','B4',7.0);
/*!40000 ALTER TABLE `alunos` ENABLE KEYS */;
UNLOCK TABLES;

--
-- Table structure for table `cidade`
--

DROP TABLE IF EXISTS `cidade`;
/*!40101 SET @saved_cs_client     = @@character_set_client */;
/*!40101 SET character_set_client = utf8 */;
CREATE TABLE `cidade` (
  `codigo` int(11) NOT NULL AUTO_INCREMENT,
  `cidade` varchar(10) DEFAULT NULL,
  `estado` varchar(2) DEFAULT NULL,
  PRIMARY KEY (`codigo`)
) ENGINE=InnoDB AUTO_INCREMENT=4 DEFAULT CHARSET=latin1;
/*!40101 SET character_set_client = @saved_cs_client */;

--
-- Dumping data for table `cidade`
--

LOCK TABLES `cidade` WRITE;
/*!40000 ALTER TABLE `cidade` DISABLE KEYS */;
INSERT INTO `cidade` VALUES (1,'CAMPINAS','SP'),(2,'SAO PAULO','SP'),(3,'MONTE SIAO','MG');
/*!40000 ALTER TABLE `cidade` ENABLE KEYS */;
UNLOCK TABLES;

--
-- Table structure for table `cliente`
--

DROP TABLE IF EXISTS `cliente`;
/*!40101 SET @saved_cs_client     = @@character_set_client */;
/*!40101 SET character_set_client = utf8 */;
CREATE TABLE `cliente` (
  `codigo` int(11) NOT NULL AUTO_INCREMENT,
  `nome` varchar(45) DEFAULT NULL,
  `telefone` decimal(15,0) DEFAULT NULL,
  `cod_cidade` int(11) DEFAULT NULL,
  PRIMARY KEY (`codigo`)
) ENGINE=InnoDB AUTO_INCREMENT=11 DEFAULT CHARSET=latin1;
/*!40101 SET character_set_client = @saved_cs_client */;

--
-- Dumping data for table `cliente`
--

LOCK TABLES `cliente` WRITE;
/*!40000 ALTER TABLE `cliente` DISABLE KEYS */;
INSERT INTO `cliente` VALUES (1,'DANIEL ',123,1),(2,'JOSE',321,2),(3,'JOAO',222,3),(4,'CILENE',333,3),(5,'JESSICA',1122,1),(6,'MARCELO',NULL,1),(7,'ANA',NULL,2),(8,'MARIANA',NULL,2),(9,'DANIELA',NULL,2),(10,'SILVANA',NULL,1);
/*!40000 ALTER TABLE `cliente` ENABLE KEYS */;
UNLOCK TABLES;

--
-- Table structure for table `fornecedor`
--

DROP TABLE IF EXISTS `fornecedor`;
/*!40101 SET @saved_cs_client     = @@character_set_client */;
/*!40101 SET character_set_client = utf8 */;
CREATE TABLE `fornecedor` (
  `codigo` int(11) NOT NULL AUTO_INCREMENT,
  `nome` varchar(45) DEFAULT NULL,
  `endereco` varchar(50) DEFAULT NULL,
  `numero` varchar(10) DEFAULT NULL,
  PRIMARY KEY (`codigo`)
) ENGINE=InnoDB AUTO_INCREMENT=8 DEFAULT CHARSET=latin1;
/*!40101 SET character_set_client = @saved_cs_client */;

--
-- Dumping data for table `fornecedor`
--

LOCK TABLES `fornecedor` WRITE;
/*!40000 ALTER TABLE `fornecedor` DISABLE KEYS */;
INSERT INTO `fornecedor` VALUES (1,'CASA DE CARNES SAO JOSE','R JOSE BONIFACIO','2'),(2,'ACOUGUE BOI BANDIDO','AV DAS FLORES','33'),(3,'PADARIA AVENIDA','R JOSE BONIFACIO','34'),(4,'PADARIA PAO DE MEL','AV DAS FLORES','45'),(5,'PAPELARIA SAO JOSE','R SETE DE SETEMBRO','62'),(6,'SARAH CONFECCOES','R SEBASTIAO JOSE','55'),(7,'SORVETERIA DA ESQUINA','AV DAS FLORES','25');
/*!40000 ALTER TABLE `fornecedor` ENABLE KEYS */;
UNLOCK TABLES;

--
-- Table structure for table `grupo`
--

DROP TABLE IF EXISTS `grupo`;
/*!40101 SET @saved_cs_client     = @@character_set_client */;
/*!40101 SET character_set_client = utf8 */;
CREATE TABLE `grupo` (
  `codigo` int(11) NOT NULL AUTO_INCREMENT,
  `descricao` varchar(45) DEFAULT NULL,
  PRIMARY KEY (`codigo`)
) ENGINE=InnoDB AUTO_INCREMENT=6 DEFAULT CHARSET=latin1;
/*!40101 SET character_set_client = @saved_cs_client */;

--
-- Dumping data for table `grupo`
--

LOCK TABLES `grupo` WRITE;
/*!40000 ALTER TABLE `grupo` DISABLE KEYS */;
INSERT INTO `grupo` VALUES (1,'ACOUGUE'),(2,'PADARIA'),(3,'BEBIBAS'),(4,'HIGIENE'),(5,'HORTIFRUTI');
/*!40000 ALTER TABLE `grupo` ENABLE KEYS */;
UNLOCK TABLES;

--
-- Table structure for table `mytable`
--

DROP TABLE IF EXISTS `mytable`;
/*!40101 SET @saved_cs_client     = @@character_set_client */;
/*!40101 SET character_set_client = utf8 */;
CREATE TABLE `mytable` (
  `id` mediumint(8) unsigned NOT NULL AUTO_INCREMENT,
  `nome` varchar(255) DEFAULT NULL,
  `pais` varchar(100) DEFAULT NULL,
  `telefone` varchar(100) DEFAULT NULL,
  PRIMARY KEY (`id`)
) ENGINE=InnoDB AUTO_INCREMENT=1801 DEFAULT CHARSET=latin1;
/*!40101 SET character_set_client = @saved_cs_client */;

--
-- Dumping data for table `mytable`
--

LOCK TABLES `mytable` WRITE;
/*!40000 ALTER TABLE `mytable` DISABLE KEYS */;
INSERT INTO `mytable` VALUES (1,'Abdul Hansen','Morocco','(734) 802-7976'),(2,'Stewart Ray','Saint Lucia','(256) 272-0191'),(3,'Carl Martinez','Mexico','(347) 557-9330'),(4,'Anthony Johnston','Antarctica','(278) 266-0758'),(5,'Todd Morton','Sao Tome and Principe','(742) 918-9181'),(6,'Troy Munoz','Kazakhstan','(316) 317-8275'),(7,'Lee Vinson','Egypt','(249) 969-0182'),(8,'Thaddeus Gibbs','Sierra Leone','(401) 806-5306'),(9,'Salvador Woodward','Zimbabwe','(155) 257-9671'),(10,'Fuller Patton','Equatorial Guinea','(478) 984-5244'),(11,'Elmo Duffy','Tunisia','(513) 441-7286'),(12,'Channing Rutledge','Iran','(299) 100-4912'),(13,'Chadwick Hester','Algeria','(963) 160-4145'),(14,'Tiger Howell','Tonga','(939) 694-6340'),(15,'Giacomo Simmons','Lithuania','(407) 420-5457'),(16,'Philip Austin','Guernsey','(385) 785-6170'),(17,'Hamilton Odonnell','Tajikistan','(579) 291-0400'),(18,'Rajah Peterson','Chile','(446) 743-2324'),(19,'Michael Burks','Cyprus','(951) 506-6123'),(20,'Allistair Rivera','Jersey','(957) 521-3707'),(21,'Hasad Foster','New Zealand','(198) 220-4032'),(22,'Clark Griffith','Niue','(262) 201-0644'),(23,'Zachary Ewing','Bosnia and Herzegovina','(613) 894-1974'),(24,'Blaze Chase','Namibia','(591) 725-7429'),(25,'Adrian Oliver','Puerto Rico','(711) 629-1210'),(26,'Kane Evans','Gibraltar','(491) 690-4678'),(27,'Jonah Hines','Mongolia','(871) 725-4254'),(28,'Cole Wiley','Barbados','(787) 616-5603'),(29,'Dale Chambers','Wallis and Futuna','(527) 804-0843'),(30,'Brennan Greene','Cambodia','(164) 491-2226'),(31,'Judah Mccall','Japan','(453) 591-9382'),(32,'Ferris Dudley','American Samoa','(789) 612-1292'),(33,'Phelan Nichols','Seychelles','(967) 975-3299'),(34,'Byron Holmes','Martinique','(611) 193-6582'),(35,'Galvin Wong','Bahamas','(163) 621-7137'),(36,'Dillon Briggs','Namibia','(764) 950-0703'),(37,'Aidan Burris','Paraguay','(215) 669-1201'),(38,'Macaulay Parks','El Salvador','(594) 410-2864'),(39,'Hamilton Bradley','Guinea','(886) 417-5443'),(40,'Hashim French','Dominica','(652) 548-7249'),(41,'Jared Hart','Saint Vincent and The Grenadines','(380) 638-9861'),(42,'Leonard Scott','Hong Kong','(114) 424-1368'),(43,'Mark Case','Costa Rica','(625) 434-1553'),(44,'Lucius Church','Bolivia','(735) 960-1079'),(45,'Hyatt Haley','Senegal','(423) 838-2254'),(46,'Basil Bonner','Honduras','(903) 787-2506'),(47,'Dane Shaffer','Reunion','(660) 155-5357'),(48,'Felix Fowler','Yemen','(958) 561-4683'),(49,'Malachi Best','Mali','(406) 566-7186'),(50,'Tyrone Savage','Taiwan','(488) 250-2469'),(51,'Allen Riddle','Qatar','(204) 965-5206'),(52,'Baxter Wilcox','Seychelles','(429) 705-3298'),(53,'Beck Massey','Papua New Guinea','(687) 451-3645'),(54,'Peter Rosario','Romania','(752) 784-7596'),(55,'Kato Brown','Latvia','(343) 807-6361'),(56,'Slade Gilliam','Namibia','(566) 827-4491'),(57,'Channing Oneill','Austria','(704) 753-9798'),(58,'Hasad Sweet','Northern Mariana Islands','(603) 944-7795'),(59,'Nehru Gamble','Tanzania','(834) 967-9839'),(60,'Cyrus Conner','Czech Republic','(813) 939-6492'),(61,'Carl Green','Guam','(891) 917-2352'),(62,'Grady Orr','Hungary','(836) 824-7450'),(63,'Charles Mccray','Nicaragua','(899) 177-8145'),(64,'Chancellor Barrera','Norfolk Island','(849) 910-8395'),(65,'Kuame Wyatt','Lebanon','(172) 507-4061'),(66,'Chester Crosby','El Salvador','(187) 859-0914'),(67,'Knox Wyatt','Lebanon','(842) 939-3636'),(68,'Daniel Roth','Namibia','(274) 559-8033'),(69,'Herrod Mcmillan','Jersey','(866) 902-8492'),(70,'James Jackson','United Kingdom (Great Britain)','(374) 305-5360'),(71,'Octavius Rodriquez','Libya','(616) 833-1387'),(72,'Ulric Johnston','Uganda','(294) 821-3274'),(73,'Preston Workman','United Arab Emirates','(742) 814-5261'),(74,'Davis Cox','Martinique','(274) 953-5441'),(75,'Zane Sandoval','Costa Rica','(114) 489-3946'),(76,'Melvin Mann','Sweden','(916) 615-2754'),(77,'Austin Medina','Moldova','(757) 180-1355'),(78,'Orlando Pruitt','Macedonia','(773) 746-3589'),(79,'Herman Guy','Cape Verde','(974) 938-9727'),(80,'Zephania Vinson','Angola','(856) 368-7863'),(81,'Julian Mclaughlin','Niger','(106) 883-6301'),(82,'Ralph Wilkerson','United Arab Emirates','(493) 508-5284'),(83,'Bevis Stanley','Nepal','(266) 715-4205'),(84,'Tyrone Wade','Gibraltar','(272) 616-3193'),(85,'Robert Forbes','Congo (Brazzaville)','(954) 171-0101'),(86,'Buckminster Harrison','Kenya','(180) 201-5758'),(87,'Arden Garrett','Puerto Rico','(814) 721-0914'),(88,'Amir Crawford','Portugal','(439) 220-2520'),(89,'Clinton Lee','Japan','(869) 401-5253'),(90,'Emmanuel Garrison','Cayman Islands','(989) 673-1903'),(91,'Moses Gross','Dominican Republic','(655) 195-0848'),(92,'Ahmed Foreman','Antigua and Barbuda','(608) 712-6715'),(93,'Kenneth Gaines','Japan','(485) 270-2650'),(94,'Jarrod Hodge','Botswana','(693) 563-6262'),(95,'Luke Talley','Gibraltar','(892) 270-0410'),(96,'Channing Palmer','Chile','(855) 532-5852'),(97,'Robert Castro','Namibia','(985) 530-7208'),(98,'Kuame Bradshaw','American Samoa','(622) 362-7845'),(99,'Jacob Howe','Iran','(109) 581-5061'),(100,'Luke Travis','Hungary','(837) 817-1122'),(101,'Bruno Franklin','Saudi Arabia','(397) 434-4861'),(102,'Cadman Scott','Lebanon','(755) 531-0940'),(103,'Axel Daniels','Syria','(553) 434-4517'),(104,'Gregory Robles','Vanuatu','(345) 837-5260'),(105,'Coby Macdonald','Cocos (Keeling) Islands','(810) 816-6358'),(106,'Herman Bonner','Lebanon','(466) 567-3831'),(107,'Hiram Moses','American Samoa','(470) 895-2149'),(108,'Holmes Bonner','Panama','(410) 108-1239'),(109,'Jameson Guzman','Saint Helena, Ascension and Tristan da Cunha','(159) 542-8607'),(110,'Yuli Ball','Guinea','(617) 769-4283'),(111,'Hiram Chandler','Denmark','(924) 587-8454'),(112,'Keane Martinez','Syria','(398) 753-9039'),(113,'Robert Walls','Pakistan','(434) 807-7234'),(114,'Gavin Torres','Djibouti','(304) 608-3105'),(115,'Elmo Norris','Malaysia','(841) 162-7221'),(116,'Jesse Clark','Martinique','(694) 175-2912'),(117,'Louis Acosta','Andorra','(140) 753-0137'),(118,'Reed Olson','Ethiopia','(699) 977-2416'),(119,'Dean Bennett','Monaco','(988) 549-8670'),(120,'Burton Rosales','Falkland Islands','(447) 749-0180'),(121,'Keefe Haynes','Macao','(322) 471-8199'),(122,'Declan Blackburn','Tuvalu','(662) 366-4797'),(123,'Hayes Barlow','Zimbabwe','(952) 332-0008'),(124,'Bevis Morales','Syria','(490) 216-1966'),(125,'Damon Cross','Spain','(667) 232-9304'),(126,'Rajah Whitehead','Montenegro','(738) 611-3298'),(127,'Colin Salinas','Jordan','(649) 897-0256'),(128,'Wayne Phelps','Cuba','(131) 270-9582'),(129,'Callum Levy','Pitcairn Islands','(411) 389-3944'),(130,'Amos Glass','Mayotte','(423) 355-9248'),(131,'Timothy Sellers','Albania','(121) 713-6277'),(132,'Thane Castaneda','Hungary','(128) 948-4426'),(133,'Lyle Delacruz','Cyprus','(870) 553-2692'),(134,'Emerson Nash','Turkey','(177) 623-9950'),(135,'Neville Tucker','Faroe Islands','(266) 522-4454'),(136,'Thor Valenzuela','Belarus','(769) 668-3387'),(137,'Craig Vazquez','Niger','(252) 546-2599'),(138,'Wing Carroll','Saint Pierre and Miquelon','(204) 195-9612'),(139,'Levi Conley','Comoros','(121) 220-0996'),(140,'Len Thornton','New Zealand','(576) 206-9702'),(141,'Ivor Rojas','Hong Kong','(850) 886-8868'),(142,'Hyatt Erickson','Niue','(223) 649-1786'),(143,'Tyrone Rutledge','Myanmar','(236) 453-3732'),(144,'Orlando Armstrong','Djibouti','(472) 998-7657'),(145,'Stewart Petty','Dominica','(836) 632-1535'),(146,'Sawyer Reed','Latvia','(536) 705-6765'),(147,'Gil Henson','Austria','(160) 184-4958'),(148,'Shad Rocha','Turkmenistan','(244) 856-1964'),(149,'Francis Harrell','Andorra','(844) 742-7074'),(150,'Travis Hartman','Ecuador','(716) 703-3488'),(151,'Wylie Blair','Qatar','(236) 847-6727'),(152,'Hop Goff','Sint Maarten','(988) 490-5159'),(153,'Sean Bird','Bangladesh','(351) 356-4529'),(154,'Kibo Ford','Benin','(318) 565-8721'),(155,'Xanthus Moran','Malaysia','(228) 188-9314'),(156,'Raphael Stevenson','Kazakhstan','(443) 424-8519'),(157,'Geoffrey Patrick','Rwanda','(232) 827-6043'),(158,'Ulysses Jacobs','Aruba','(125) 891-5232'),(159,'Stewart Gordon','Laos','(335) 868-3205'),(160,'Owen Francis','Tajikistan','(751) 680-1313'),(161,'Colby Whitfield','Central African Republic','(718) 869-3395'),(162,'Lyle Rodriquez','Timor-Leste','(469) 203-9291'),(163,'Giacomo Gill','United Kingdom (Great Britain)','(633) 854-3387'),(164,'Brian Coleman','Viet Nam','(840) 838-8782'),(165,'Aaron Mcclain','Bulgaria','(935) 992-8203'),(166,'Connor Craig','Pitcairn Islands','(483) 546-1783'),(167,'Buckminster Stephenson','Anguilla','(312) 700-9529'),(168,'Malcolm Oneal','Palestine, State of','(288) 594-6572'),(169,'Rigel Riley','Trinidad and Tobago','(331) 492-7803'),(170,'Bruno Gibbs','Cape Verde','(953) 132-0784'),(171,'George Gaines','New Caledonia','(941) 808-7503'),(172,'Hilel Martin','Palau','(594) 168-2039'),(173,'Forrest Kidd','San Marino','(737) 567-0243'),(174,'Lucas Estrada','Palau','(370) 344-6341'),(175,'Gage Nash','Indonesia','(326) 136-8318'),(176,'Charles Rose','Sudan','(710) 813-2048'),(177,'Tanek Thomas','Palau','(984) 696-7861'),(178,'Walter Rhodes','Chad','(874) 874-5465'),(179,'Hunter Henry','Côte D\'Ivoire (Ivory Coast)','(458) 580-4132'),(180,'Len Gilliam','Kenya','(499) 480-0948'),(181,'Jonas French','Chile','(971) 343-3801'),(182,'Kuame Chang','Brazil','(298) 624-4742'),(183,'Aidan Parrish','Brunei','(895) 292-3840'),(184,'Eric Cotton','Burkina Faso','(658) 196-2630'),(185,'Roth Dudley','Tanzania','(595) 854-2260'),(186,'Tarik Watkins','Angola','(175) 686-5634'),(187,'Brent Santos','New Zealand','(850) 149-4334'),(188,'Eagan Underwood','Falkland Islands','(300) 485-4289'),(189,'Demetrius Frye','Saint Helena, Ascension and Tristan da Cunha','(670) 288-0860'),(190,'Orson Hartman','Virgin Islands, British','(634) 853-9384'),(191,'Samuel Maldonado','Barbados','(173) 418-1834'),(192,'Joseph Fuentes','Hong Kong','(403) 643-3595'),(193,'Curran Schroeder','Timor-Leste','(957) 534-5265'),(194,'Shad Morrison','Hungary','(191) 654-7236'),(195,'Ezra Brown','Montserrat','(819) 940-7329'),(196,'Zachery Hubbard','Canada','(749) 269-6665'),(197,'Ryder Sosa','Laos','(389) 890-0346'),(198,'Declan Stone','Estonia','(415) 725-9158'),(199,'Kamal Oliver','Cyprus','(328) 975-1022'),(200,'Abbot Rodriquez','Trinidad and Tobago','(828) 982-0502'),(201,'Miranda Sosa','Swaziland','(715) 984-8714'),(202,'Jaime Mcdowell','New Caledonia','(479) 465-4892'),(203,'Jayme Blake','Tonga','(636) 381-4486'),(204,'Lee Doyle','Nicaragua','(970) 366-7801'),(205,'Ramona Bender','Solomon Islands','(791) 214-3917'),(206,'Tamekah Brock','South Africa','(224) 836-3106'),(207,'Raven Levy','Aruba','(987) 710-1287'),(208,'Ursa Woods','Hungary','(952) 851-1927'),(209,'Blythe Levine','Maldives','(520) 710-3507'),(210,'Nell Grimes','Saint Helena, Ascension and Tristan da Cunha','(147) 279-5788'),(211,'Caryn Summers','Bermuda','(338) 213-3149'),(212,'Zoe Salas','Nepal','(785) 665-1125'),(213,'Raven Holloway','Albania','(313) 197-5575'),(214,'Cynthia Gardner','China','(690) 121-6696'),(215,'Yolanda Knox','Montserrat','(233) 279-7922'),(216,'Ria Fields','Viet Nam','(400) 799-1367'),(217,'Stephanie Finch','Jamaica','(717) 390-6930'),(218,'Karyn Calderon','Kuwait','(736) 436-4406'),(219,'Kaden Farley','Mauritius','(794) 288-1963'),(220,'Christen Schultz','French Southern Territories','(371) 180-1707'),(221,'Cameran Frost','Romania','(654) 724-5537'),(222,'Joy Crosby','Heard Island and Mcdonald Islands','(929) 743-5647'),(223,'Venus Horne','Korea, South','(986) 130-3575'),(224,'Cailin Melton','Peru','(484) 442-1952'),(225,'Galena Goff','Swaziland','(297) 865-9597'),(226,'Irene Fleming','Jersey','(821) 320-4336'),(227,'Liberty Zimmerman','Holy See (Vatican City State)','(208) 488-5255'),(228,'Olga Glenn','Guernsey','(493) 471-5614'),(229,'Christen Leonard','Haiti','(378) 395-9619'),(230,'Blair Christian','South Georgia and The South Sandwich Islands','(475) 423-7594'),(231,'Amena Nichols','Mali','(228) 253-8381'),(232,'Astra Noble','Guam','(925) 156-4588'),(233,'Yen Mooney','Libya','(160) 584-0554'),(234,'Xerxes Wilder','Bouvet Island','(869) 306-6151'),(235,'Denise Cotton','Tonga','(344) 544-7210'),(236,'Quincy Conley','Fiji','(284) 385-4078'),(237,'Sade Gilliam','Central African Republic','(701) 721-0830'),(238,'Nayda Reese','Burundi','(741) 693-6319'),(239,'Xyla Combs','Czech Republic','(439) 942-0011'),(240,'Michelle Cohen','China','(403) 961-3751'),(241,'Xena Mccormick','Malaysia','(267) 842-6367'),(242,'Kimberley Harding','Montserrat','(495) 929-6864'),(243,'Pearl Cunningham','New Caledonia','(687) 764-0973'),(244,'Donna Blevins','Iran','(371) 657-1682'),(245,'Alfreda Whitfield','Guinea-Bissau','(543) 864-3863'),(246,'Savannah Guzman','Spain','(963) 937-9908'),(247,'Sigourney Le','Nepal','(413) 439-0497'),(248,'Cameron Keller','Pitcairn Islands','(203) 586-9672'),(249,'Nell Roman','Tokelau','(630) 552-4356'),(250,'MacKenzie Reeves','Solomon Islands','(225) 355-7651'),(251,'Brenda Elliott','Bulgaria','(171) 528-1282'),(252,'Rhona Rogers','Mozambique','(571) 651-1850'),(253,'Lydia Pugh','Heard Island and Mcdonald Islands','(320) 375-4744'),(254,'Octavia Frederick','Iran','(655) 469-7364'),(255,'Leslie Donovan','Marshall Islands','(635) 160-1657'),(256,'Leslie Hancock','Pitcairn Islands','(784) 523-8375'),(257,'Idona Hurley','Colombia','(981) 513-9550'),(258,'Illiana Clements','Malta','(221) 947-7530'),(259,'Ulla Holt','Albania','(669) 842-2030'),(260,'Adrienne Craft','Norway','(731) 658-3732'),(261,'Nerea Whitaker','Saint Lucia','(961) 661-0641'),(262,'Leila Decker','Namibia','(615) 178-8727'),(263,'Noelani Owen','Micronesia','(558) 738-5944'),(264,'Ina David','Faroe Islands','(801) 148-4053'),(265,'Ria Harding','Marshall Islands','(463) 442-4290'),(266,'Shelby Maldonado','Heard Island and Mcdonald Islands','(598) 370-7760'),(267,'Florence Parrish','Morocco','(377) 854-1527'),(268,'Adrienne Henderson','Solomon Islands','(932) 192-5858'),(269,'Lael Sampson','Bonaire, Sint Eustatius and Saba','(795) 704-1202'),(270,'Imogene Fox','Iceland','(857) 435-4183'),(271,'Hiroko Cortez','Saint Lucia','(984) 517-7832'),(272,'Chantale Lloyd','Equatorial Guinea','(559) 684-3256'),(273,'Shea Salinas','Saint Martin','(968) 142-6402'),(274,'Adara Roman','Bahrain','(742) 109-8911'),(275,'Regan Gates','Czech Republic','(534) 199-0284'),(276,'Maryam Bell','Western Sahara','(707) 794-7842'),(277,'Mira Battle','Tanzania','(228) 184-4874'),(278,'Veda Grimes','Panama','(355) 863-8489'),(279,'Jenna Branch','New Zealand','(678) 463-1441'),(280,'Imelda Moss','Macao','(294) 888-4168'),(281,'Hanae Andrews','Tonga','(896) 266-3747'),(282,'Leslie Howard','Fiji','(360) 960-2986'),(283,'Lacy Spence','Tokelau','(234) 633-3490'),(284,'Autumn Clemons','Kenya','(679) 134-9847'),(285,'Emerald Sexton','Pakistan','(241) 348-6630'),(286,'Cameran Mann','Germany','(884) 361-9071'),(287,'Tatiana Reeves','Aruba','(980) 277-8669'),(288,'Paloma Griffith','United Kingdom (Great Britain)','(802) 902-3084'),(289,'Iliana Jordan','Ecuador','(433) 362-4528'),(290,'Teegan Alvarado','China','(381) 968-4278'),(291,'Demetria Douglas','Congo, the Democratic Republic of the','(905) 425-5384'),(292,'Dorothy Fleming','Libya','(477) 103-0236'),(293,'Astra Barlow','Zimbabwe','(590) 915-3323'),(294,'Holly Obrien','South Georgia and The South Sandwich Islands','(429) 364-6062'),(295,'Belle Berg','Congo, the Democratic Republic of the','(457) 411-2798'),(296,'Latifah Cruz','Fiji','(678) 860-9909'),(297,'May Barrera','Viet Nam','(636) 206-3746'),(298,'Lucy Jenkins','Mexico','(770) 774-2399'),(299,'Dai Floyd','Micronesia','(131) 310-9182'),(300,'Paula Allen','Norfolk Island','(611) 309-6462'),(301,'Kai Shaw','Macedonia','(814) 233-3397'),(302,'Naida Tate','Curaçao','(300) 371-7154'),(303,'Heidi Randolph','Cyprus','(400) 801-0364'),(304,'Lillian Patel','India','(728) 703-2227'),(305,'Ciara Burt','Bouvet Island','(245) 989-8192'),(306,'Mikayla Rollins','Saint Kitts and Nevis','(172) 288-6781'),(307,'Frances Delaney','Iraq','(402) 192-7386'),(308,'Felicia Fisher','Western Sahara','(135) 511-6858'),(309,'Scarlett Steele','Belarus','(207) 359-7387'),(310,'Cassandra Avila','Lebanon','(827) 168-7689'),(311,'Kelly Dunlap','Antigua and Barbuda','(669) 528-0404'),(312,'Dawn Blake','Holy See (Vatican City State)','(300) 759-7429'),(313,'Sonia Crosby','Paraguay','(121) 183-6028'),(314,'Holly Velazquez','Djibouti','(151) 353-0209'),(315,'Constance Arnold','Reunion','(619) 772-0196'),(316,'Chava Russo','Bahrain','(283) 373-0760'),(317,'Eve Anderson','Western Sahara','(738) 204-3274'),(318,'Illiana Vinson','Afghanistan','(750) 135-0223'),(319,'Kerry Underwood','Macedonia','(875) 116-0456'),(320,'Bo Foster','Honduras','(414) 818-1529'),(321,'Ivory Bowman','Romania','(144) 103-9311'),(322,'Angela Allen','Congo, the Democratic Republic of the','(994) 453-7463'),(323,'Lael Trevino','Faroe Islands','(213) 568-9554'),(324,'Leigh Nash','Maldives','(126) 339-6151'),(325,'Harriet Bradford','Finland','(660) 163-7750'),(326,'Cassady Bowen','Greenland','(543) 467-5656'),(327,'Evelyn Trujillo','Portugal','(299) 704-0918'),(328,'Sierra Gibbs','Ukraine','(617) 253-1872'),(329,'Courtney Elliott','France','(455) 840-1945'),(330,'Jenna Marks','Mozambique','(317) 818-3213'),(331,'Kellie Pollard','Chile','(199) 460-8247'),(332,'Rhea Ramsey','Mauritius','(410) 229-7678'),(333,'Iliana Harrison','British Indian Ocean Territory','(940) 380-2521'),(334,'Basia Mcbride','Jamaica','(792) 523-1095'),(335,'Avye Sanders','Burundi','(608) 420-3379'),(336,'Macey Mack','France','(171) 647-0046'),(337,'Demetria Preston','French Polynesia','(329) 697-4633'),(338,'Ila Barlow','Lesotho','(429) 748-8368'),(339,'Halee Sanchez','Bhutan','(124) 552-9557'),(340,'Mechelle Elliott','Bangladesh','(459) 929-7383'),(341,'Chelsea Phillips','Swaziland','(572) 927-1395'),(342,'Serena Kidd','Nigeria','(843) 925-9013'),(343,'Rana Tanner','Liechtenstein','(101) 751-1089'),(344,'Brynn Foster','Eritrea','(109) 598-3523'),(345,'Adria Weeks','Netherlands','(444) 883-6292'),(346,'Kitra Carr','Comoros','(533) 120-4099'),(347,'Hilda Kemp','Virgin Islands, British','(307) 650-4418'),(348,'Alika Townsend','Bolivia','(289) 565-3329'),(349,'Portia Church','United States Minor Outlying Islands','(637) 559-7678'),(350,'Ann Bond','Chad','(390) 991-4604'),(351,'Sara Wilcox','Spain','(545) 593-6766'),(352,'Maris Pate','French Guiana','(313) 566-2902'),(353,'Bertha Boyer','Saint Helena, Ascension and Tristan da Cunha','(785) 658-8213'),(354,'Bianca Gomez','South Sudan','(984) 362-5281'),(355,'Leila Nunez','Gabon','(316) 523-7019'),(356,'Eliana Harmon','South Georgia and The South Sandwich Islands','(716) 700-0025'),(357,'Keely Mcdaniel','Holy See (Vatican City State)','(766) 449-8379'),(358,'Cheryl Mack','Kenya','(866) 240-4783'),(359,'Melodie Holcomb','Dominican Republic','(892) 163-6402'),(360,'Xerxes Mcbride','Norfolk Island','(103) 850-9003'),(361,'Althea Cantrell','Korea, North','(577) 769-8363'),(362,'Chava Yates','Faroe Islands','(362) 618-9023'),(363,'Xyla Greene','Sudan','(599) 381-4578'),(364,'Hadassah Ball','Grenada','(884) 623-3383'),(365,'Indigo Flores','Qatar','(282) 792-3606'),(366,'Wilma Russo','Cuba','(555) 196-4802'),(367,'Brenna Rivera','Jordan','(244) 548-4206'),(368,'Urielle Herring','Bhutan','(981) 942-2910'),(369,'Teegan Vasquez','Virgin Islands, United States','(944) 760-2953'),(370,'Blossom Dickerson','Romania','(631) 697-3358'),(371,'Ina Kennedy','France','(853) 226-3540'),(372,'Daria Warner','Finland','(763) 135-3012'),(373,'Dorothy Roth','Croatia','(220) 415-2504'),(374,'Ashely White','Italy','(901) 859-6515'),(375,'Lael Carver','Australia','(164) 752-1363'),(376,'Brianna Ochoa','South Africa','(789) 530-8809'),(377,'Katelyn Duncan','Panama','(736) 466-2039'),(378,'Shea Hull','Argentina','(568) 494-6539'),(379,'Zoe Good','Afghanistan','(510) 351-6587'),(380,'Alana Mccall','Guinea','(758) 721-3317'),(381,'Xerxes Miller','Barbados','(761) 932-2856'),(382,'Oprah Frost','Singapore','(377) 681-5506'),(383,'Linda Casey','Bonaire, Sint Eustatius and Saba','(690) 189-2738'),(384,'Hillary Michael','India','(647) 989-9514'),(385,'Alika Holmes','Belgium','(752) 321-4635'),(386,'Cara Eaton','Guatemala','(841) 769-8882'),(387,'Quemby Stone','Norfolk Island','(618) 806-3188'),(388,'Halla Clarke','Greece','(149) 845-9710'),(389,'Astra Ayers','Jersey','(242) 257-0450'),(390,'Jennifer Cohen','Turkey','(669) 912-1002'),(391,'Brittany Chandler','Cook Islands','(846) 372-3904'),(392,'Jael Wood','Cambodia','(920) 379-0283'),(393,'Adria Cortez','Wallis and Futuna','(867) 688-9359'),(394,'Linda Pratt','Mayotte','(204) 528-1117'),(395,'Macey Hines','Netherlands','(273) 898-7175'),(396,'Shoshana Lynch','Belize','(369) 323-3644'),(397,'Clementine Levine','Finland','(841) 936-2164'),(398,'Nichole Grant','Croatia','(189) 459-4094'),(399,'Olivia Gross','Morocco','(230) 168-1978'),(400,'Naida Bryan','Nicaragua','(628) 484-3847'),(401,'Destiny V. Roberson','Lebanon','(943) 148-6972'),(402,'Kaye X. Bradshaw','Cayman Islands','(386) 401-0082'),(403,'Mira M. Serrano','Finland','(460) 121-9074'),(404,'Montana L. Woodward','Moldova','(899) 209-9988'),(405,'Reed L. Murphy','Turkey','(337) 346-9687'),(406,'Salvador R. Hopkins','Eritrea','(561) 331-4664'),(407,'Damian R. Howell','Tanzania','(419) 719-6997'),(408,'Raja J. Merritt','Botswana','(913) 585-2733'),(409,'Alexa T. Barrera','Papua New Guinea','(508) 316-9487'),(410,'Paula N. Serrano','Turkmenistan','(865) 433-8229'),(411,'Deirdre K. Saunders','Moldova','(368) 571-3916'),(412,'Tanner L. Hull','Mauritania','(475) 669-1102'),(413,'Graham B. Hobbs','Azerbaijan','(615) 284-5574'),(414,'Portia J. Coffey','Russian Federation','(603) 147-8543'),(415,'Nelle G. Haynes','Sweden','(695) 410-5923'),(416,'Allegra H. Odom','Malaysia','(115) 978-6843'),(417,'Jane Y. Webster','Gibraltar','(803) 968-8253'),(418,'Jescie B. Villarreal','San Marino','(970) 526-7687'),(419,'Karyn L. Reed','Malaysia','(869) 967-9999'),(420,'Britanni W. Gay','South Africa','(692) 351-5680'),(421,'Jena K. Mckay','Luxembourg','(727) 695-8112'),(422,'Naomi F. Bennett','Pitcairn Islands','(557) 421-8359'),(423,'Kato Z. Mitchell','Åland Islands','(557) 685-1556'),(424,'Oliver K. Rivas','Azerbaijan','(717) 973-0880'),(425,'Kristen T. Cooke','Paraguay','(522) 204-9195'),(426,'Margaret B. Williams','Morocco','(260) 328-0968'),(427,'Camilla U. Bryan','Italy','(999) 931-1383'),(428,'Quin Z. Kerr','Ghana','(713) 156-7040'),(429,'Alexander S. Deleon','Isle of Man','(737) 241-2299'),(430,'Mark Z. Lowe','Chile','(875) 220-6470'),(431,'Cody W. Davenport','Montenegro','(558) 629-0602'),(432,'Fallon A. Ewing','Kazakhstan','(454) 668-0261'),(433,'Kiayada S. Whitfield','Georgia','(211) 182-2661'),(434,'Ifeoma V. Spence','Hungary','(997) 700-0725'),(435,'Donovan Y. Clemons','Canada','(715) 958-9871'),(436,'Abraham N. Hull','Mexico','(323) 458-8532'),(437,'Nyssa E. Cameron','Brunei','(246) 609-8114'),(438,'Quyn W. Knight','Poland','(631) 158-2925'),(439,'Jaden V. Acosta','Cuba','(543) 466-9901'),(440,'Indigo Z. Cherry','Anguilla','(560) 903-8373'),(441,'Tyrone J. Mccullough','Saint Kitts and Nevis','(948) 154-1330'),(442,'Madaline K. Palmer','Dominica','(561) 979-1784'),(443,'Vielka G. Hunt','Saint Martin','(933) 743-2374'),(444,'Montana E. Figueroa','Guatemala','(892) 781-8561'),(445,'Ignatius R. Pruitt','Algeria','(763) 911-8098'),(446,'Kuame A. Neal','Guinea-Bissau','(635) 281-6467'),(447,'Kimberly Y. Norris','Comoros','(104) 143-5080'),(448,'Aristotle Q. Tate','Guernsey','(917) 727-1941'),(449,'Robin G. Owens','Papua New Guinea','(682) 289-0817'),(450,'Dara K. Mejia','Viet Nam','(835) 150-2379'),(451,'Aaron H. Ochoa','Guinea','(829) 473-0704'),(452,'Remedios T. Rocha','Cuba','(148) 193-4867'),(453,'Malik W. Boyle','Anguilla','(161) 819-2609'),(454,'Trevor O. Berger','Brazil','(611) 173-5016'),(455,'Vielka F. Washington','Malta','(125) 940-4570'),(456,'Iris N. Nolan','British Indian Ocean Territory','(254) 422-8414'),(457,'Nola Q. Lyons','Congo (Brazzaville)','(125) 155-4383'),(458,'Jeremy Q. Padilla','Benin','(123) 910-6177'),(459,'Ralph Q. Cannon','Saudi Arabia','(900) 397-9208'),(460,'Yolanda R. Frost','Poland','(529) 635-8806'),(461,'Mona D. Rios','Poland','(793) 322-3762'),(462,'Amela C. Cleveland','Virgin Islands, United States','(362) 422-4640'),(463,'Yasir F. Moses','Zimbabwe','(391) 698-0343'),(464,'Ivan T. Torres','Pakistan','(552) 698-2992'),(465,'Maggy X. Cleveland','Malta','(318) 442-9703'),(466,'Leandra T. Atkinson','Guinea-Bissau','(165) 453-3441'),(467,'Amal K. Young','Saint Kitts and Nevis','(347) 999-1339'),(468,'Nora E. Lynn','Uruguay','(592) 157-7545'),(469,'Caesar S. Lester','Saint Vincent and The Grenadines','(170) 342-7690'),(470,'Dorian O. Faulkner','Vanuatu','(915) 878-0406'),(471,'Aaron Y. Nixon','Georgia','(959) 233-6091'),(472,'Phyllis R. Sexton','San Marino','(677) 321-1937'),(473,'Kieran W. Shelton','Chad','(774) 326-3908'),(474,'Nina S. Dominguez','Palestine, State of','(598) 161-5602'),(475,'Lani G. Boyer','Czech Republic','(429) 485-7531'),(476,'Erica Y. Ellis','Gabon','(989) 307-8353'),(477,'Raya K. Martinez','Puerto Rico','(259) 342-4990'),(478,'Benedict B. Bray','Niue','(740) 262-8998'),(479,'Helen T. Silva','Pakistan','(118) 950-3764'),(480,'Daryl F. Woodward','Gibraltar','(165) 353-3619'),(481,'Paula T. Baldwin','South Georgia and The South Sandwich Islands','(569) 512-7382'),(482,'Rhonda K. Cruz','Panama','(105) 413-3556'),(483,'Adena C. Ward','Qatar','(600) 114-1265'),(484,'Catherine V. King','Jersey','(635) 859-6578'),(485,'Ali X. Callahan','Nigeria','(480) 960-6781'),(486,'Prescott C. Copeland','Martinique','(579) 864-9087'),(487,'Aiko T. Hancock','South Georgia and The South Sandwich Islands','(448) 153-3408'),(488,'Dillon S. Huff','Saint Kitts and Nevis','(535) 493-5106'),(489,'John O. Hatfield','Morocco','(181) 252-4756'),(490,'Unity I. Bridges','Moldova','(990) 479-0257'),(491,'Molly T. Joyce','Cape Verde','(152) 144-9223'),(492,'Deanna R. Pacheco','Jersey','(477) 707-4143'),(493,'Noelani H. Pittman','Marshall Islands','(423) 177-4401'),(494,'Caldwell R. Tran','Finland','(471) 617-3233'),(495,'Fredericka Y. Hendricks','Namibia','(907) 621-7377'),(496,'Karyn U. Hodge','Oman','(449) 869-8521'),(497,'Yoshi E. Gamble','Monaco','(387) 528-1167'),(498,'Oprah A. Parker','Reunion','(728) 300-5491'),(499,'Cally Z. Beach','Austria','(534) 276-6351'),(500,'Maisie F. Salas','Sudan','(635) 662-1521'),(501,'Portia','Czech Republic','(716) 247-7719'),(502,'Lila','Montserrat','(606) 372-0381'),(503,'Wilma','Syria','(790) 468-4466'),(504,'Dominique','Netherlands','(138) 824-4313'),(505,'Rachel','Mayotte','(721) 145-5758'),(506,'Stone','Isle of Man','(420) 712-5055'),(507,'Wynter','Israel','(618) 545-8684'),(508,'Autumn','Korea, North','(926) 534-8749'),(509,'Berk','India','(795) 884-7578'),(510,'Kellie','Ethiopia','(216) 715-9869'),(511,'Evan','Martinique','(155) 914-4950'),(512,'Deirdre','Cook Islands','(339) 157-6077'),(513,'Wyoming','Lithuania','(833) 128-4642'),(514,'Azalia','Liberia','(383) 372-9366'),(515,'Ahmed','Moldova','(868) 373-4492'),(516,'Carl','Lithuania','(675) 804-0687'),(517,'Thane','Benin','(544) 277-7120'),(518,'Declan','Korea, North','(351) 725-7120'),(519,'Deirdre','Nepal','(423) 293-8994'),(520,'Chancellor','Solomon Islands','(167) 971-9820'),(521,'Mariko','Guatemala','(758) 753-6768'),(522,'Joelle','Serbia','(411) 210-7733'),(523,'Cailin','Oman','(783) 658-0364'),(524,'Chastity','New Zealand','(498) 229-8989'),(525,'Nathaniel','Aruba','(442) 475-7240'),(526,'Matthew','Eritrea','(730) 549-3518'),(527,'Thane','Taiwan','(553) 697-4398'),(528,'Mollie','France','(626) 676-7079'),(529,'Melanie','Iceland','(752) 294-9845'),(530,'Katell','Central African Republic','(539) 834-2483'),(531,'Felicia','Tunisia','(753) 551-4405'),(532,'Wang','Poland','(425) 637-2284'),(533,'Odysseus','Dominican Republic','(947) 369-6953'),(534,'Wynter','Kenya','(937) 370-9629'),(535,'Sandra','Comoros','(633) 862-2031'),(536,'Herrod','Bahamas','(190) 679-3385'),(537,'Ezra','Faroe Islands','(513) 796-7287'),(538,'Yardley','Monaco','(576) 573-9695'),(539,'Kimberly','Poland','(906) 917-8522'),(540,'Hammett','Bahrain','(988) 791-7576'),(541,'Ebony','Hungary','(935) 552-0501'),(542,'Cullen','Mauritania','(477) 591-2197'),(543,'Guinevere','Australia','(180) 819-7464'),(544,'Hanae','Panama','(577) 713-8813'),(545,'Stephen','Macedonia','(952) 739-1489'),(546,'Uta','Viet Nam','(909) 480-3259'),(547,'Bell','Korea, North','(126) 323-2339'),(548,'Iola','Sudan','(651) 202-0975'),(549,'Kiara','Falkland Islands','(789) 968-6815'),(550,'Ann','Korea, North','(974) 509-8565'),(551,'Carolyn','Mozambique','(478) 713-9900'),(552,'Jael','Argentina','(942) 428-1307'),(553,'Gage','Gambia','(572) 604-9968'),(554,'Kevyn','Botswana','(635) 519-3027'),(555,'Carla','Jersey','(830) 216-8201'),(556,'Bradley','Costa Rica','(191) 388-1587'),(557,'Ulysses','Laos','(804) 890-0220'),(558,'Quincy','Singapore','(975) 693-7134'),(559,'Jessamine','Seychelles','(593) 772-5950'),(560,'Germaine','Iran','(557) 379-1681'),(561,'Alden','Mauritius','(349) 387-5138'),(562,'Doris','Christmas Island','(522) 860-4911'),(563,'Judith','Isle of Man','(127) 437-5847'),(564,'September','Antigua and Barbuda','(800) 465-5101'),(565,'Sylvia','Singapore','(308) 798-7742'),(566,'Nasim','Thailand','(835) 794-9666'),(567,'Oscar','Turkmenistan','(852) 331-8594'),(568,'Orla','Gambia','(354) 845-3636'),(569,'Amena','Malawi','(641) 383-4075'),(570,'Chanda','Argentina','(856) 161-4834'),(571,'Forrest','Macedonia','(853) 730-8936'),(572,'Noble','Spain','(746) 295-6328'),(573,'Owen','Guyana','(865) 540-6144'),(574,'Miranda','Pakistan','(786) 168-1071'),(575,'Tasha','Côte D\'Ivoire (Ivory Coast)','(699) 677-0003'),(576,'Lysandra','Saint Lucia','(780) 847-7763'),(577,'Germaine','Latvia','(392) 958-5363'),(578,'Ignatius','Sri Lanka','(222) 178-0704'),(579,'Kamal','Colombia','(824) 121-5134'),(580,'Leroy','Ethiopia','(116) 936-5388'),(581,'Anne','Grenada','(839) 584-9630'),(582,'Charissa','Virgin Islands, United States','(884) 797-6904'),(583,'Amy','Guatemala','(722) 135-2057'),(584,'Rebekah','Saint Barthélemy','(432) 375-1644'),(585,'Maisie','Sint Maarten','(770) 770-6276'),(586,'Ann','Eritrea','(115) 606-2455'),(587,'Zenaida','Haiti','(173) 397-8618'),(588,'Aristotle','Martinique','(827) 152-3286'),(589,'Bradley','Somalia','(331) 972-9156'),(590,'Hu','Reunion','(555) 506-1736'),(591,'Kasper','Afghanistan','(135) 139-0747'),(592,'Florence','Dominican Republic','(392) 353-5784'),(593,'Cooper','Turkmenistan','(749) 320-7762'),(594,'Wing','Liechtenstein','(536) 808-0945'),(595,'Justin','Tajikistan','(236) 150-2224'),(596,'Sage','Angola','(499) 629-1665'),(597,'Dakota','Congo, the Democratic Republic of the','(557) 358-5976'),(598,'James','Andorra','(497) 949-1859'),(599,'Quin','Switzerland','(104) 208-4202'),(600,'Cedric','Uganda','(670) 347-7243'),(601,'Daria','Bangladesh','(527) 802-7926'),(602,'Brynn','Guyana','(175) 107-9236'),(603,'Zelenia','Åland Islands','(601) 996-1758'),(604,'Sigourney','Guam','(487) 241-5428'),(605,'Flavia','Uzbekistan','(265) 119-6034'),(606,'MacKensie','Seychelles','(657) 608-9070'),(607,'Rhona','Montserrat','(745) 233-3899'),(608,'Rosalyn','Central African Republic','(704) 822-3407'),(609,'Leila','Madagascar','(118) 778-2096'),(610,'Quincy','Pakistan','(219) 841-6431'),(611,'Hillary','Montserrat','(585) 269-9123'),(612,'Desiree','Barbados','(834) 774-2576'),(613,'Lysandra','Korea, South','(205) 443-2123'),(614,'Keiko','Sudan','(982) 582-5768'),(615,'Keelie','Hong Kong','(149) 477-9474'),(616,'Holly','Mongolia','(386) 633-7644'),(617,'Ann','Pitcairn Islands','(111) 114-5600'),(618,'Macy','Lebanon','(907) 659-4190'),(619,'Eugenia','Canada','(458) 340-2283'),(620,'Jeanette','Slovakia','(897) 340-0974'),(621,'Melyssa','Turks and Caicos Islands','(982) 920-3631'),(622,'Galena','New Zealand','(765) 613-3264'),(623,'Hyacinth','Bahrain','(441) 123-5100'),(624,'Emma','Brunei','(231) 553-3451'),(625,'Courtney','Northern Mariana Islands','(324) 191-0451'),(626,'Chastity','Togo','(695) 651-3802'),(627,'Whoopi','Tajikistan','(922) 302-5503'),(628,'Barbara','Macedonia','(189) 638-8044'),(629,'Cynthia','Northern Mariana Islands','(619) 237-8491'),(630,'Rana','Maldives','(525) 681-2595'),(631,'Bryar','Vanuatu','(748) 715-5435'),(632,'Abra','Romania','(310) 778-1984'),(633,'Amena','Sweden','(394) 421-6600'),(634,'Alana','Saint Martin','(960) 548-4845'),(635,'Kirestin','Mexico','(961) 346-7147'),(636,'Xena','Burkina Faso','(229) 626-1786'),(637,'Colette','Jamaica','(735) 427-5058'),(638,'Joelle','Dominica','(381) 645-2471'),(639,'Renee','Niue','(291) 358-7440'),(640,'Anjolie','Saint Helena, Ascension and Tristan da Cunha','(388) 960-6449'),(641,'Ainsley','Uruguay','(177) 384-1956'),(642,'Guinevere','Cambodia','(719) 968-6489'),(643,'Noelani','Sint Maarten','(920) 707-2850'),(644,'Wanda','Gibraltar','(953) 122-8363'),(645,'Keelie','Belgium','(382) 173-8569'),(646,'Donna','Niue','(257) 252-2321'),(647,'Shoshana','Angola','(192) 482-7069'),(648,'Eden','Jordan','(780) 724-0474'),(649,'Leilani','Thailand','(302) 590-7876'),(650,'Pearl','Virgin Islands, British','(145) 829-1120'),(651,'Adara','Saint Kitts and Nevis','(158) 548-8209'),(652,'Lois','Belize','(464) 733-5389'),(653,'Kay','Spain','(896) 626-1391'),(654,'Bethany','Paraguay','(312) 307-1201'),(655,'Gail','Niger','(323) 813-1342'),(656,'Stacy','Palau','(759) 211-5918'),(657,'Alexis','Cameroon','(225) 805-5670'),(658,'Germane','Kyrgyzstan','(214) 922-0938'),(659,'Faith','Italy','(341) 485-7619'),(660,'Scarlett','Viet Nam','(792) 692-8719'),(661,'Farrah','Cocos (Keeling) Islands','(871) 751-0467'),(662,'Carol','Malta','(964) 105-8723'),(663,'Reagan','Timor-Leste','(116) 686-7540'),(664,'Shannon','Isle of Man','(986) 399-0098'),(665,'Hope','Christmas Island','(391) 501-5164'),(666,'Kaye','Gambia','(504) 180-4316'),(667,'Lois','Congo, the Democratic Republic of the','(826) 593-2912'),(668,'Hedwig','Cyprus','(241) 580-5671'),(669,'Dawn','Guam','(884) 759-8108'),(670,'Kirby','Haiti','(200) 824-2313'),(671,'Regina','French Guiana','(130) 281-1101'),(672,'Rachel','Algeria','(760) 780-9022'),(673,'Yolanda','Andorra','(389) 843-7502'),(674,'Sierra','Samoa','(489) 833-0478'),(675,'Winifred','Djibouti','(858) 823-4496'),(676,'Jenna','Kazakhstan','(564) 182-9743'),(677,'Eleanor','Japan','(508) 130-6934'),(678,'Jillian','Papua New Guinea','(951) 573-1247'),(679,'Zenia','Denmark','(757) 668-0045'),(680,'Daphne','Niue','(405) 705-4032'),(681,'Paula','Liechtenstein','(956) 150-4226'),(682,'Neve','Myanmar','(176) 936-9789'),(683,'Melinda','Niger','(177) 350-6876'),(684,'Jamalia','India','(864) 640-6566'),(685,'Kimberley','Brazil','(499) 362-3003'),(686,'Unity','Zambia','(237) 614-0628'),(687,'Nayda','Maldives','(338) 825-0545'),(688,'Helen','Serbia','(819) 363-1577'),(689,'Iris','Belgium','(786) 350-0474'),(690,'Hiroko','Seychelles','(143) 644-4085'),(691,'Vera','Bosnia and Herzegovina','(947) 187-4759'),(692,'Ivana','Vanuatu','(572) 422-8822'),(693,'Carissa','Bonaire, Sint Eustatius and Saba','(299) 382-1210'),(694,'Rebekah','Liberia','(495) 359-8700'),(695,'Hilda','Croatia','(709) 785-6000'),(696,'Amber','San Marino','(243) 693-3245'),(697,'Eliana','Guadeloupe','(766) 108-4072'),(698,'Jordan','Macedonia','(440) 243-2896'),(699,'Olga','Montserrat','(578) 855-5561'),(700,'Brittany','Spain','(140) 319-7106'),(701,'Keane','El Salvador','(515) 637-1790'),(702,'George','Ghana','(729) 698-9885'),(703,'Myles','Afghanistan','(132) 869-1224'),(704,'Kermit','Heard Island and Mcdonald Islands','(339) 267-7470'),(705,'Noah','Anguilla','(436) 227-6942'),(706,'Burton','Anguilla','(743) 910-4225'),(707,'Hu','Macedonia','(899) 938-9814'),(708,'Bradley','Italy','(445) 203-8055'),(709,'Mannix','Maldives','(921) 112-4374'),(710,'Jackson','Saint Martin','(877) 435-6183'),(711,'Fritz','Syria','(859) 594-8275'),(712,'Dominic','Jordan','(420) 239-8008'),(713,'Rooney','Kyrgyzstan','(270) 646-5158'),(714,'Kevin','Saint Pierre and Miquelon','(288) 624-6520'),(715,'Moses','Bonaire, Sint Eustatius and Saba','(618) 776-2627'),(716,'Malcolm','Wallis and Futuna','(481) 564-7435'),(717,'Dalton','Korea, South','(148) 137-6680'),(718,'Damon','Bonaire, Sint Eustatius and Saba','(179) 464-3104'),(719,'David','Gabon','(365) 810-8756'),(720,'Clark','Uganda','(247) 452-4553'),(721,'Talon','Gambia','(318) 691-4509'),(722,'Damian','Bahamas','(434) 560-8782'),(723,'Perry','El Salvador','(295) 672-4873'),(724,'Nash','Bahamas','(784) 900-7705'),(725,'Francis','Sao Tome and Principe','(443) 113-9466'),(726,'Baker','Moldova','(366) 597-4278'),(727,'Ian','Northern Mariana Islands','(874) 272-2609'),(728,'Wade','Papua New Guinea','(599) 833-3373'),(729,'Jonah','Haiti','(586) 371-3520'),(730,'Finn','Seychelles','(931) 288-1176'),(731,'Tiger','Hungary','(377) 617-0265'),(732,'Herman','Equatorial Guinea','(847) 111-8227'),(733,'Lester','Guadeloupe','(961) 664-7460'),(734,'Jakeem','Saint Vincent and The Grenadines','(794) 164-8257'),(735,'Norman','Egypt','(826) 403-2124'),(736,'Tarik','Azerbaijan','(879) 167-1821'),(737,'Jin','Dominican Republic','(388) 232-5794'),(738,'Noah','Equatorial Guinea','(492) 730-7992'),(739,'Josiah','Liechtenstein','(673) 588-7727'),(740,'Erasmus','Falkland Islands','(705) 454-4419'),(741,'Clinton','Curaçao','(854) 360-9409'),(742,'Xander','Iraq','(297) 388-7665'),(743,'Callum','Nauru','(136) 644-5430'),(744,'Colorado','Macedonia','(326) 113-8020'),(745,'Clinton','Chile','(554) 322-2926'),(746,'Noah','Bahrain','(684) 420-0901'),(747,'Howard','Guatemala','(573) 493-7839'),(748,'Kamal','Niger','(160) 920-5955'),(749,'Graiden','Austria','(160) 925-1375'),(750,'Odysseus','Djibouti','(371) 237-4172'),(751,'Hector','Aruba','(750) 654-5877'),(752,'Elton','Kuwait','(346) 612-8578'),(753,'Finn','Sri Lanka','(817) 233-2278'),(754,'Harrison','South Georgia and The South Sandwich Islands','(138) 903-9751'),(755,'Walter','Moldova','(849) 835-2151'),(756,'Carl','Tokelau','(226) 305-5007'),(757,'Maxwell','Cuba','(845) 923-9899'),(758,'Hedley','Iceland','(491) 341-3112'),(759,'Reed','Lebanon','(731) 430-1511'),(760,'Blaze','Switzerland','(174) 513-2625'),(761,'Burton','Ecuador','(658) 651-7148'),(762,'Ira','Belgium','(623) 378-3093'),(763,'Fulton','Burundi','(126) 584-7305'),(764,'Jackson','French Polynesia','(798) 916-5982'),(765,'Kenyon','Indonesia','(464) 676-2109'),(766,'Edan','Monaco','(782) 149-5438'),(767,'Jarrod','Guadeloupe','(236) 573-5430'),(768,'Keane','Papua New Guinea','(511) 255-9607'),(769,'Vaughan','Argentina','(851) 236-7944'),(770,'Marshall','Grenada','(531) 945-8287'),(771,'Caldwell','United Kingdom (Great Britain)','(661) 533-2684'),(772,'Jack','Netherlands','(928) 806-6089'),(773,'Gabriel','Slovenia','(907) 619-6143'),(774,'Lance','Ghana','(308) 723-7752'),(775,'Julian','French Polynesia','(745) 797-6674'),(776,'Fitzgerald','Spain','(180) 593-1747'),(777,'Clinton','United Kingdom (Great Britain)','(144) 244-0752'),(778,'Holmes','Palestine, State of','(120) 784-6721'),(779,'Dieter','Aruba','(256) 989-1250'),(780,'Hilel','Northern Mariana Islands','(783) 317-7841'),(781,'Evan','Christmas Island','(379) 205-8557'),(782,'Blaze','Guernsey','(611) 309-1646'),(783,'Hayden','Kenya','(427) 384-8738'),(784,'Rogan','Venezuela','(852) 815-4230'),(785,'Denton','Cocos (Keeling) Islands','(860) 910-3571'),(786,'Barrett','Congo, the Democratic Republic of the','(774) 833-3583'),(787,'Camden','Slovakia','(940) 889-6441'),(788,'August','Saint Barthélemy','(443) 855-1393'),(789,'Timothy','Armenia','(567) 239-1002'),(790,'Carter','Saudi Arabia','(240) 842-5022'),(791,'Alden','Puerto Rico','(290) 446-1225'),(792,'Hamish','Chad','(331) 507-1474'),(793,'Fuller','Trinidad and Tobago','(854) 370-0848'),(794,'Honorato','Mali','(614) 783-7082'),(795,'Amal','Israel','(107) 734-9448'),(796,'Aidan','Tajikistan','(995) 745-7802'),(797,'Edward','Macao','(914) 171-9354'),(798,'Stone','Cuba','(262) 331-0885'),(799,'Driscoll','Antarctica','(521) 975-2528'),(800,'Hasad','Burundi','(786) 435-0406'),(801,'Grant Carlson','Vanuatu','(328) 125-5376'),(802,'Rashad Patrick','Jordan','(894) 465-7276'),(803,'Lucius Henry','New Caledonia','(119) 835-3658'),(804,'Zane Schneider','Uganda','(580) 368-1314'),(805,'Aquila Stanley','Spain','(824) 174-2296'),(806,'Ralph Shields','Lesotho','(209) 938-3047'),(807,'Benedict Combs','Niger','(219) 284-1415'),(808,'Stone Campbell','Guyana','(936) 598-7734'),(809,'Hoyt Blackburn','Iceland','(315) 518-6897'),(810,'Leroy Fulton','Central African Republic','(103) 302-1334'),(811,'Richard Marquez','Åland Islands','(998) 414-5186'),(812,'Craig Hamilton','Malta','(200) 762-9315'),(813,'Neville Cantrell','Papua New Guinea','(609) 630-5009'),(814,'Grant Bates','Equatorial Guinea','(684) 371-3495'),(815,'Conan Stuart','Greenland','(999) 543-7402'),(816,'Lance Wilson','Bahamas','(609) 112-0314'),(817,'Xavier Humphrey','Myanmar','(944) 762-7050'),(818,'Reuben Nixon','Ukraine','(924) 984-3378'),(819,'Harrison Reed','Japan','(627) 355-7056'),(820,'Graham Craft','Mauritania','(707) 200-7160'),(821,'Luke Lowe','Ukraine','(439) 375-1359'),(822,'Hamish Simpson','Cambodia','(981) 839-5454'),(823,'Jasper Hayden','Dominica','(278) 196-5047'),(824,'Seth Shepard','Canada','(799) 644-9041'),(825,'Tate Orr','Bolivia','(923) 473-2526'),(826,'Eric Holman','Peru','(961) 555-0460'),(827,'Sylvester Stout','Turkey','(919) 833-1890'),(828,'Colin Shepard','Hong Kong','(978) 146-0006'),(829,'Jerome Mccray','Korea, North','(725) 974-2295'),(830,'Aaron Blankenship','New Caledonia','(996) 819-2014'),(831,'Arthur Johns','Korea, North','(310) 357-2334'),(832,'Slade Mcgowan','India','(560) 583-7767'),(833,'Gil Livingston','Bahamas','(532) 654-9504'),(834,'Addison Knight','Venezuela','(315) 427-2050'),(835,'Norman Yang','Costa Rica','(443) 732-9544'),(836,'Hayes Randall','Guyana','(868) 531-7431'),(837,'Erasmus Ingram','Saint Barthélemy','(725) 968-7190'),(838,'Damon Salazar','Chile','(825) 565-4267'),(839,'Thomas Rojas','Pitcairn Islands','(470) 798-7152'),(840,'Lawrence Acevedo','San Marino','(667) 842-0599'),(841,'Timon Carlson','Kazakhstan','(519) 728-8411'),(842,'Hamish Todd','Liberia','(463) 864-6217'),(843,'Ashton Rivera','Tokelau','(801) 240-0712'),(844,'Buckminster Callahan','Israel','(906) 154-8177'),(845,'Julian Mckenzie','Togo','(302) 299-2928'),(846,'Abraham Estes','Philippines','(456) 405-5201'),(847,'Wade Morales','Bulgaria','(522) 810-7519'),(848,'Alden Mcclure','Israel','(476) 323-5535'),(849,'Randall Vance','Kazakhstan','(888) 843-2511'),(850,'Price Hardin','United States','(220) 183-7621'),(851,'Hunter Peck','France','(690) 159-9437'),(852,'Curran Benton','Sudan','(106) 764-4187'),(853,'Fritz Cain','Gibraltar','(815) 390-7552'),(854,'Sawyer Walsh','French Southern Territories','(521) 685-6548'),(855,'Cameron Burch','Japan','(381) 951-1083'),(856,'Leo Garza','Malaysia','(883) 650-7562'),(857,'August Guthrie','Côte D\'Ivoire (Ivory Coast)','(399) 728-1270'),(858,'Kieran Ramsey','Tunisia','(134) 304-2754'),(859,'Driscoll Emerson','Holy See (Vatican City State)','(137) 549-0135'),(860,'Walker Knowles','South Africa','(813) 159-5197'),(861,'Isaac Carr','Colombia','(836) 127-1793'),(862,'Xander Vazquez','American Samoa','(957) 321-8624'),(863,'Caleb Mccarty','Marshall Islands','(838) 635-8211'),(864,'Nero Goff','Dominica','(558) 638-2121'),(865,'Dante Dyer','Ghana','(559) 876-9456'),(866,'Geoffrey Mccall','Comoros','(176) 821-1197'),(867,'Judah Erickson','Algeria','(156) 160-0486'),(868,'Thomas Mitchell','Anguilla','(767) 701-1550'),(869,'Judah Potts','Tanzania','(750) 879-6004'),(870,'Cairo Hill','Yemen','(458) 167-2834'),(871,'Rafael Washington','Uruguay','(288) 227-6748'),(872,'Tarik Barry','Georgia','(595) 598-6322'),(873,'Arthur Harrington','Samoa','(562) 194-2214'),(874,'Dale Gilliam','Lebanon','(829) 709-9344'),(875,'Elvis Beck','Nigeria','(284) 304-0406'),(876,'Paul Larsen','Barbados','(183) 873-2940'),(877,'Philip Roman','Norway','(532) 879-8043'),(878,'Avram Barker','Serbia','(408) 569-1681'),(879,'Hunter Bender','Uruguay','(253) 397-8565'),(880,'Dominic Wilder','Hong Kong','(201) 635-1744'),(881,'Keegan Harper','Cook Islands','(972) 415-4594'),(882,'Steven Winters','Mongolia','(756) 141-9316'),(883,'Lester Todd','Eritrea','(949) 725-4924'),(884,'Dalton Huber','Kuwait','(912) 203-3802'),(885,'Rajah Wood','Falkland Islands','(880) 596-8971'),(886,'Driscoll Hogan','French Polynesia','(214) 555-2992'),(887,'Lee Pugh','United Arab Emirates','(609) 241-0936'),(888,'Tobias Cooley','Virgin Islands, United States','(195) 907-0289'),(889,'Malcolm Cantu','Ethiopia','(212) 478-9154'),(890,'Len Green','Germany','(559) 871-3908'),(891,'Julian Crane','Georgia','(302) 391-9184'),(892,'Ezra Flynn','Mali','(159) 618-3691'),(893,'Myles Kerr','Bahrain','(759) 550-5487'),(894,'Porter Mcdowell','Peru','(866) 589-7569'),(895,'Erich Thornton','Nigeria','(348) 314-6271'),(896,'Abel Snow','Russian Federation','(133) 558-9676'),(897,'Bevis Sharp','Madagascar','(888) 891-8980'),(898,'Dorian Rush','French Guiana','(182) 851-8311'),(899,'Phelan Pace','Malawi','(168) 167-1791'),(900,'Thor Cohen','Guinea-Bissau','(900) 407-2745'),(901,'Dane Schneider','Serbia','(674) 256-7106'),(902,'Edward Molina','Bangladesh','(154) 649-3525'),(903,'Merritt Roy','Guernsey','(110) 585-6861'),(904,'Chaim Mueller','Eritrea','(461) 869-7314'),(905,'Jacob Jordan','Nicaragua','(202) 875-1444'),(906,'Kibo Campos','Norway','(983) 117-7749'),(907,'Reese Parrish','Chad','(346) 519-1943'),(908,'Kermit Downs','Saint Vincent and The Grenadines','(983) 509-9554'),(909,'Kamal Head','Malawi','(950) 460-5041'),(910,'Seth Rosario','Puerto Rico','(444) 665-0214'),(911,'Oleg Bowman','Malaysia','(891) 222-7688'),(912,'Nolan Hampton','French Polynesia','(571) 691-6318'),(913,'Jelani Curtis','Wallis and Futuna','(473) 824-7722'),(914,'August Brady','Virgin Islands, United States','(194) 478-4323'),(915,'Nissim Nicholson','New Zealand','(130) 383-1914'),(916,'Kennan Boyer','Slovenia','(361) 474-0331'),(917,'Jelani Alford','Switzerland','(399) 992-5312'),(918,'Xanthus Craft','Sierra Leone','(376) 943-7390'),(919,'Nero Lindsay','Japan','(870) 971-7600'),(920,'Bevis Browning','Central African Republic','(172) 849-2989'),(921,'Eaton Dalton','Cyprus','(663) 205-9606'),(922,'Oliver Delgado','Czech Republic','(402) 895-1998'),(923,'Rajah Roth','Palestine, State of','(991) 967-6467'),(924,'Kenyon Bryant','Kyrgyzstan','(615) 577-2188'),(925,'Hasad Melendez','Afghanistan','(679) 305-9546'),(926,'Joseph Vance','Norfolk Island','(589) 455-0444'),(927,'Louis Petty','Georgia','(862) 339-3682'),(928,'Vance Merritt','Kuwait','(251) 109-6269'),(929,'Hoyt Torres','Togo','(868) 348-5215'),(930,'Seth Whitfield','Guinea','(611) 848-9387'),(931,'Owen Byrd','Tajikistan','(394) 709-8706'),(932,'Quinlan Marshall','Germany','(572) 972-0843'),(933,'Mannix Molina','Kazakhstan','(749) 902-2320'),(934,'Walker Nixon','Syria','(627) 692-7456'),(935,'Brennan Madden','Macedonia','(172) 701-1815'),(936,'Nehru Rivera','Paraguay','(466) 420-9116'),(937,'Lawrence Randall','Thailand','(785) 441-8413'),(938,'Nathaniel Shepherd','Bahamas','(929) 938-1709'),(939,'Jin Mccoy','Niger','(152) 352-1768'),(940,'Chaney Keith','Germany','(127) 592-0082'),(941,'Conan Russo','Cocos (Keeling) Islands','(663) 557-1675'),(942,'Yardley Oneil','Greece','(454) 645-5279'),(943,'Silas Joseph','Bouvet Island','(487) 588-9996'),(944,'Yuli Gibson','Ghana','(965) 209-2492'),(945,'Philip Burt','United States Minor Outlying Islands','(380) 303-3746'),(946,'Elijah Curtis','Yemen','(276) 532-7846'),(947,'Chaim Morse','Belarus','(537) 749-0218'),(948,'Carson Gordon','Brunei','(869) 249-5839'),(949,'Oscar Rhodes','French Polynesia','(384) 896-4300'),(950,'Jin Pope','Isle of Man','(397) 611-1874'),(951,'Vincent Stafford','Paraguay','(354) 243-6732'),(952,'Thomas Holloway','Solomon Islands','(224) 400-6998'),(953,'Acton Perez','Central African Republic','(802) 501-4162'),(954,'Colton Fry','Ireland','(410) 521-3105'),(955,'Quinn Robertson','Portugal','(392) 622-6428'),(956,'Amery Burke','Jordan','(824) 936-1330'),(957,'Lane Rodriguez','Armenia','(482) 269-5492'),(958,'Dalton Nielsen','Belarus','(310) 234-8304'),(959,'Leonard Chase','Saint Pierre and Miquelon','(407) 248-7990'),(960,'Hammett Wolfe','Iceland','(393) 974-4004'),(961,'Abbot Downs','Maldives','(488) 809-1975'),(962,'Kuame Tate','Cuba','(827) 868-0303'),(963,'Maxwell Camacho','Malta','(995) 984-0192'),(964,'Blake Gregory','Qatar','(347) 534-4712'),(965,'Cruz Frederick','Kuwait','(936) 401-7738'),(966,'Steel Cole','South Sudan','(680) 338-0696'),(967,'Kenneth Odonnell','Bosnia and Herzegovina','(652) 129-5558'),(968,'Clayton Kidd','Malawi','(357) 357-5137'),(969,'Damian Beard','Moldova','(934) 129-8348'),(970,'Calvin Frazier','Cameroon','(550) 653-5127'),(971,'Dustin Quinn','Singapore','(132) 895-2922'),(972,'Ishmael Mcfarland','French Polynesia','(812) 537-8031'),(973,'Len Molina','Saudi Arabia','(948) 618-6789'),(974,'Addison Chase','Comoros','(638) 127-2078'),(975,'Marvin Mcfadden','British Indian Ocean Territory','(898) 551-0547'),(976,'Nigel Ware','Afghanistan','(540) 716-3942'),(977,'Zephania Mcdowell','United States','(132) 649-2877'),(978,'Quamar Pena','Syria','(735) 899-4048'),(979,'Arsenio Summers','Vanuatu','(470) 767-7865'),(980,'Warren Ferrell','Saint Lucia','(860) 239-1516'),(981,'George Morales','Svalbard and Jan Mayen Islands','(343) 952-2395'),(982,'Caesar Herring','Montserrat','(894) 777-2784'),(983,'Merrill Payne','Cyprus','(142) 617-1567'),(984,'Brady Tanner','Niue','(919) 152-8931'),(985,'Paki Dyer','Monaco','(582) 919-7602'),(986,'Rooney Donaldson','Cape Verde','(192) 659-0072'),(987,'Merritt Donovan','Macao','(788) 298-3650'),(988,'Cadman Cannon','French Southern Territories','(402) 470-8620'),(989,'Walker May','Russian Federation','(607) 189-2077'),(990,'Wing Nunez','United Arab Emirates','(357) 426-1378'),(991,'Abraham Shaw','Svalbard and Jan Mayen Islands','(912) 240-3553'),(992,'Lucian Romero','Albania','(406) 410-6046'),(993,'Rigel Roth','Brazil','(366) 809-2426'),(994,'Arthur Snider','Australia','(704) 192-1067'),(995,'Ryan Kemp','Bahrain','(727) 506-4441'),(996,'Daniel Mathis','Congo, the Democratic Republic of the','(597) 488-3804'),(997,'Tyrone Vasquez','Greenland','(772) 903-2861'),(998,'Donovan Wood','Afghanistan','(693) 978-8485'),(999,'Harrison Watson','Faroe Islands','(425) 862-4496'),(1000,'Colton Saunders','Ethiopia','(139) 683-2039'),(1001,'Cara Bryan','Mongolia','(631) 605-0626'),(1002,'Carolyn Stanley','Ghana','(925) 563-2316'),(1003,'Jasmine Morrow','United States Minor Outlying Islands','(562) 243-2064'),(1004,'Bethany Fowler','India','(276) 594-4247'),(1005,'Kessie Avery','Bahrain','(861) 150-7943'),(1006,'Jessamine Berg','Gibraltar','(692) 668-4581'),(1007,'Jemima Richards','Peru','(862) 588-9632'),(1008,'Anika Pugh','Falkland Islands','(687) 512-8215'),(1009,'Iona Compton','Thailand','(938) 190-7414'),(1010,'Lenore Alford','Trinidad and Tobago','(803) 452-4857'),(1011,'Cynthia Bender','Turkmenistan','(426) 415-7704'),(1012,'Roary Garza','Egypt','(767) 310-6515'),(1013,'Shelby Gilliam','Northern Mariana Islands','(406) 181-8270'),(1014,'Kessie Valentine','Canada','(460) 875-7550'),(1015,'Adena Nielsen','Heard Island and Mcdonald Islands','(252) 185-9517'),(1016,'Destiny Blackburn','Laos','(509) 141-7283'),(1017,'Beatrice Pickett','Senegal','(433) 260-7932'),(1018,'Eden Mayer','Malta','(419) 588-9798'),(1019,'Victoria Ware','Ecuador','(768) 642-3719'),(1020,'Candace Santana','Christmas Island','(656) 672-4689'),(1021,'Jorden Hall','Cameroon','(112) 470-7020'),(1022,'Xena Mayer','Ukraine','(996) 411-1110'),(1023,'Morgan Carrillo','United Kingdom (Great Britain)','(103) 566-6139'),(1024,'Sydnee Whitehead','Saint Barthélemy','(438) 864-4512'),(1025,'Molly Stuart','Belize','(291) 700-5402'),(1026,'Signe Morris','Uzbekistan','(604) 693-9437'),(1027,'Alexis Vaughan','Guinea-Bissau','(929) 160-2055'),(1028,'Camille Quinn','Russian Federation','(787) 300-2425'),(1029,'Jamalia Aguirre','Saint Vincent and The Grenadines','(798) 213-7617'),(1030,'Molly Castaneda','Antigua and Barbuda','(779) 219-8983'),(1031,'Neve Meadows','Cyprus','(309) 422-4510'),(1032,'Kalia Sweet','Cyprus','(195) 925-8454'),(1033,'Meredith Ball','Mauritius','(237) 344-7544'),(1034,'Cameron Snow','Kenya','(377) 519-0615'),(1035,'Carissa Maddox','Uzbekistan','(621) 193-2545'),(1036,'Jamalia Welch','Benin','(921) 974-9711'),(1037,'Faith Hewitt','Mexico','(494) 595-0616'),(1038,'Blythe Pierce','Côte D\'Ivoire (Ivory Coast)','(734) 549-7723'),(1039,'Carol Mcgowan','Tanzania','(198) 715-5826'),(1040,'Carol Frederick','Japan','(674) 492-9170'),(1041,'Jeanette Mcintosh','Burundi','(592) 457-6934'),(1042,'Willow Atkins','Kenya','(970) 573-0754'),(1043,'Naida Dominguez','Swaziland','(817) 760-6708'),(1044,'Imani Bonner','Virgin Islands, British','(270) 515-4564'),(1045,'Gwendolyn Farmer','Saint Lucia','(126) 809-8944'),(1046,'Sandra Rivers','Romania','(879) 279-9642'),(1047,'Hanae Farley','Mayotte','(126) 938-3814'),(1048,'Cecilia Livingston','Mauritius','(870) 497-7751'),(1049,'Amelia Thornton','Nicaragua','(834) 173-5333'),(1050,'Gay Mckenzie','Pitcairn Islands','(545) 112-3015'),(1051,'Irma Wells','Gabon','(197) 971-7551'),(1052,'Courtney Watkins','Serbia','(404) 405-7413'),(1053,'Quon Morton','Grenada','(518) 929-7039'),(1054,'Daryl Swanson','Israel','(292) 164-4622'),(1055,'Daria Allison','Virgin Islands, United States','(615) 837-1693'),(1056,'Bree Crosby','Mauritius','(496) 799-1884'),(1057,'Guinevere Lott','Macao','(135) 870-4821'),(1058,'Christine Garner','Micronesia','(453) 242-2802'),(1059,'Lavinia Clarke','Egypt','(101) 100-8825'),(1060,'Willow Merrill','Svalbard and Jan Mayen Islands','(168) 586-2608'),(1061,'Ayanna Case','Sweden','(988) 716-7609'),(1062,'Indira Gibbs','Iraq','(319) 578-0532'),(1063,'Jemima Dunlap','Pitcairn Islands','(667) 296-8074'),(1064,'Patricia Gallagher','Spain','(791) 268-3504'),(1065,'Risa Cote','Armenia','(837) 500-4762'),(1066,'Frances Trevino','Comoros','(551) 295-1127'),(1067,'Madison Frazier','Italy','(406) 425-5149'),(1068,'Hiroko Torres','Sierra Leone','(156) 569-7541'),(1069,'Kylynn Hahn','Haiti','(479) 882-9566'),(1070,'Rina Sherman','Egypt','(687) 205-7834'),(1071,'Indira Hendricks','Iceland','(932) 174-1665'),(1072,'Phyllis Carrillo','Bahamas','(647) 114-9988'),(1073,'Juliet Stanton','Norway','(386) 678-1445'),(1074,'Eugenia Donovan','Finland','(865) 129-8236'),(1075,'Leila Oconnor','Korea, North','(243) 737-3904'),(1076,'Scarlett Gamble','Belize','(994) 809-7680'),(1077,'Chanda Morgan','Montserrat','(818) 787-9422'),(1078,'Regan Holt','Guinea','(503) 239-5150'),(1079,'Alice Farley','Algeria','(288) 498-1310'),(1080,'Stella Joyce','Svalbard and Jan Mayen Islands','(405) 150-3528'),(1081,'Karyn Ellison','Qatar','(442) 855-5134'),(1082,'Claire Guerra','Åland Islands','(726) 530-7920'),(1083,'Signe Reeves','Bouvet Island','(403) 578-3509'),(1084,'Summer Schroeder','Heard Island and Mcdonald Islands','(327) 837-7323'),(1085,'Risa Jimenez','Bosnia and Herzegovina','(175) 324-6335'),(1086,'Adrienne Jenkins','Mauritius','(794) 582-5437'),(1087,'Ignacia Fitzpatrick','Turks and Caicos Islands','(741) 421-0766'),(1088,'Idona Merrill','Belgium','(622) 983-0818'),(1089,'Hayfa Dixon','Argentina','(521) 110-7375'),(1090,'Jade England','Solomon Islands','(833) 208-8859'),(1091,'Oprah Ewing','Guernsey','(189) 500-0599'),(1092,'Jeanette Lara','Belarus','(456) 290-8321'),(1093,'Willow Conley','Somalia','(397) 500-1969'),(1094,'Maia Merrill','Singapore','(847) 260-2285'),(1095,'Jayme Griffith','Uruguay','(339) 364-7946'),(1096,'Lavinia Lott','Tunisia','(374) 730-1204'),(1097,'Mira Guthrie','Guinea-Bissau','(435) 732-4536'),(1098,'Lila Dennis','Rwanda','(534) 986-4414'),(1099,'Athena Palmer','Madagascar','(664) 622-1268'),(1100,'Daria Dale','Taiwan','(339) 477-9928'),(1101,'Amy Hubbard','Honduras','(500) 549-6949'),(1102,'Bree Whitfield','Latvia','(931) 245-5622'),(1103,'Ima Finley','Chile','(963) 785-7586'),(1104,'Brenda Coleman','Djibouti','(686) 791-7905'),(1105,'Nerea Wheeler','Jordan','(167) 299-9970'),(1106,'Skyler Allen','Azerbaijan','(348) 165-9022'),(1107,'Hiroko Kinney','Bonaire, Sint Eustatius and Saba','(609) 770-2465'),(1108,'Eden Roberson','Yemen','(420) 518-2286'),(1109,'Veda Russo','Malaysia','(836) 903-2139'),(1110,'Jane Merritt','Palestine, State of','(226) 901-5456'),(1111,'Savannah Sandoval','Haiti','(792) 667-1303'),(1112,'Lee Alford','Saint Kitts and Nevis','(684) 620-3183'),(1113,'Doris Moody','Russian Federation','(301) 123-7226'),(1114,'Lavinia Pittman','Zimbabwe','(647) 628-3395'),(1115,'Julie Castaneda','Guinea-Bissau','(732) 742-4638'),(1116,'Quemby Key','Sint Maarten','(997) 635-1382'),(1117,'Aurelia Yates','Guatemala','(379) 362-0151'),(1118,'Katell Welch','Korea, South','(347) 580-9863'),(1119,'Aurora Bishop','Taiwan','(273) 315-4127'),(1120,'Stephanie Edwards','Greece','(897) 513-8932'),(1121,'Cailin Munoz','Seychelles','(817) 461-8627'),(1122,'Avye Sanders','Bonaire, Sint Eustatius and Saba','(528) 502-1948'),(1123,'Natalie Avery','Bosnia and Herzegovina','(464) 197-8818'),(1124,'Myra Valdez','Cocos (Keeling) Islands','(927) 147-8213'),(1125,'Leila Cantu','Equatorial Guinea','(992) 943-7251'),(1126,'Emma Estrada','Guinea-Bissau','(177) 695-5971'),(1127,'Vivien Waller','Latvia','(711) 187-0808'),(1128,'Stacy Dunn','Guernsey','(949) 234-5807'),(1129,'Olivia Sweet','Chad','(504) 451-6544'),(1130,'Holly Gross','Vanuatu','(466) 426-6630'),(1131,'Odette Roy','Honduras','(979) 887-0222'),(1132,'Iris Mcknight','Timor-Leste','(941) 289-0264'),(1133,'Aphrodite Duffy','Sri Lanka','(293) 306-0955'),(1134,'Georgia Hobbs','Jersey','(788) 523-7127'),(1135,'Freya Gonzalez','Guinea','(857) 379-3546'),(1136,'Haviva Ross','Moldova','(774) 996-9077'),(1137,'Ava Cotton','Latvia','(443) 782-0536'),(1138,'Dara Lawrence','Finland','(798) 239-5131'),(1139,'Beverly Peters','Liechtenstein','(699) 416-9943'),(1140,'Skyler Carlson','Panama','(479) 370-8439'),(1141,'Yvonne Jackson','Rwanda','(409) 927-3761'),(1142,'Gretchen Day','Equatorial Guinea','(418) 785-0648'),(1143,'Clio Rojas','Bhutan','(353) 701-6897'),(1144,'Brooke Reeves','Afghanistan','(857) 787-9064'),(1145,'Teagan Jones','French Southern Territories','(891) 622-9390'),(1146,'India Bishop','Uruguay','(868) 871-5323'),(1147,'Lana Moses','Somalia','(112) 594-0891'),(1148,'Madeline Peterson','Paraguay','(680) 284-7896'),(1149,'Lucy Hancock','Liberia','(675) 550-5566'),(1150,'Flavia Avery','Saint Vincent and The Grenadines','(936) 282-7045'),(1151,'Quail Arnold','Pakistan','(679) 732-6556'),(1152,'Chanda Leblanc','Wallis and Futuna','(888) 383-1509'),(1153,'Ursa Roman','Falkland Islands','(687) 847-8685'),(1154,'Iola Mejia','Trinidad and Tobago','(316) 186-3913'),(1155,'Eden Garcia','Guam','(274) 126-5729'),(1156,'Taylor Boyle','Haiti','(316) 807-0850'),(1157,'Maya Ellis','Nauru','(374) 188-4227'),(1158,'Kathleen Walter','Åland Islands','(591) 914-5278'),(1159,'Ima Camacho','Malaysia','(633) 577-4029'),(1160,'Vera Richard','Chad','(860) 945-7278'),(1161,'Quin Fisher','Timor-Leste','(317) 750-5991'),(1162,'Selma Gamble','Peru','(123) 505-9214'),(1163,'Mary Aguilar','Yemen','(386) 400-4741'),(1164,'Meghan Miles','Ghana','(526) 516-6280'),(1165,'Bell Richardson','Afghanistan','(241) 416-7005'),(1166,'McKenzie Lucas','Lithuania','(544) 208-1195'),(1167,'Maile Koch','Tuvalu','(528) 283-5903'),(1168,'Phoebe Peck','France','(474) 709-7029'),(1169,'Amy Newton','Brunei','(696) 769-5477'),(1170,'Ignacia Eaton','Cambodia','(108) 313-7288'),(1171,'Doris Hopper','Niger','(651) 134-0516'),(1172,'Hanna Calhoun','New Caledonia','(180) 561-6795'),(1173,'Chava Frost','Belgium','(193) 242-5534'),(1174,'Yen Parker','Sri Lanka','(793) 394-0900'),(1175,'Zorita Sweet','Macedonia','(805) 377-4185'),(1176,'Catherine Adkins','Korea, North','(214) 904-7026'),(1177,'Eleanor Moran','Iraq','(380) 732-2545'),(1178,'Charlotte Nolan','Poland','(446) 440-6727'),(1179,'Kiayada Chambers','Qatar','(975) 694-4535'),(1180,'Ebony Moran','Guinea-Bissau','(238) 299-7388'),(1181,'Justine Middleton','United States Minor Outlying Islands','(351) 733-7484'),(1182,'Nichole Simpson','Croatia','(299) 278-1429'),(1183,'Sylvia Avery','Poland','(763) 805-6854'),(1184,'Neve Mcdaniel','Singapore','(259) 871-2849'),(1185,'Nomlanga Hinton','Kuwait','(727) 953-1404'),(1186,'Brooke Farley','Antarctica','(757) 831-8504'),(1187,'Celeste Dotson','Holy See (Vatican City State)','(874) 835-9983'),(1188,'Cleo Wilcox','Guatemala','(460) 856-3474'),(1189,'Hiroko Montgomery','Djibouti','(336) 351-6093'),(1190,'Veronica Pratt','Slovakia','(369) 547-7333'),(1191,'Maisie Brooks','British Indian Ocean Territory','(136) 647-3031'),(1192,'Nayda Donaldson','Serbia','(452) 252-0161'),(1193,'Evelyn Herring','Saint Lucia','(822) 746-2008'),(1194,'Imani Fletcher','Bosnia and Herzegovina','(830) 291-4128'),(1195,'Taylor Sellers','Morocco','(284) 948-6439'),(1196,'Sonia Roberson','Cook Islands','(726) 606-6212'),(1197,'Fiona Wyatt','Sri Lanka','(473) 915-3950'),(1198,'Destiny Cameron','Netherlands','(245) 955-3826'),(1199,'Sarah Wilcox','Switzerland','(415) 573-2440'),(1200,'Lilah Robertson','South Georgia and The South Sandwich Islands','(212) 315-0300'),(1201,'Sloane Ray','Ghana','(661) 767-9653'),(1202,'Dora Carpenter','Moldova','(959) 259-5162'),(1203,'Constance Adkins','Armenia','(421) 890-5481'),(1204,'Karleigh Hayes','Bahrain','(368) 316-4374'),(1205,'Aubrey Whitfield','Latvia','(110) 488-5622'),(1206,'Skyler Pacheco','Central African Republic','(338) 190-2059'),(1207,'Candice Walton','Sao Tome and Principe','(965) 868-1683'),(1208,'Yvonne Richards','Guinea-Bissau','(179) 375-0277'),(1209,'Penelope Bishop','Brunei','(636) 494-0048'),(1210,'Jenette England','Madagascar','(693) 155-0682'),(1211,'Amanda Wagner','Bangladesh','(524) 880-2193'),(1212,'Zorita Byrd','Faroe Islands','(373) 262-8978'),(1213,'Fleur Neal','Singapore','(451) 461-7627'),(1214,'Mariko Hawkins','Suriname','(790) 929-2533'),(1215,'Kirby Palmer','Greece','(903) 635-8753'),(1216,'Iris Mcdaniel','Venezuela','(137) 688-4625'),(1217,'Jael Ayala','Chile','(817) 707-7257'),(1218,'Nelle Barry','New Zealand','(915) 433-2277'),(1219,'Inez Mclaughlin','Saint Lucia','(985) 786-2868'),(1220,'Anastasia Luna','Moldova','(757) 480-3194'),(1221,'Barbara Farrell','Seychelles','(824) 989-1114'),(1222,'Whilemina Rhodes','Laos','(520) 210-3832'),(1223,'Teagan Moore','Ethiopia','(369) 341-3464'),(1224,'Jescie May','Madagascar','(374) 393-8739'),(1225,'Cherokee Garcia','Chile','(503) 129-3854'),(1226,'Denise Cook','Norway','(231) 417-4788'),(1227,'Brynn Hayes','Maldives','(872) 124-0405'),(1228,'Michelle Flynn','Svalbard and Jan Mayen Islands','(926) 618-3812'),(1229,'Whilemina Green','Turkey','(583) 976-4130'),(1230,'Phyllis Bradley','Isle of Man','(244) 646-2431'),(1231,'Piper Hood','French Guiana','(823) 353-7421'),(1232,'Odette Tyson','Kiribati','(657) 457-2467'),(1233,'Winter Perez','Thailand','(252) 624-6177'),(1234,'Leandra Morrison','Yemen','(573) 307-2798'),(1235,'Joy Barton','Kazakhstan','(630) 965-2039'),(1236,'Hillary Nguyen','Comoros','(358) 539-4194'),(1237,'Oprah Bullock','Antigua and Barbuda','(470) 524-2510'),(1238,'Ria Huff','United Kingdom (Great Britain)','(805) 605-0763'),(1239,'Cally Hart','Canada','(593) 235-6623'),(1240,'Violet Burris','Peru','(228) 501-1682'),(1241,'Maxine Koch','Belgium','(122) 534-0724'),(1242,'Irene Solomon','France','(548) 857-0989'),(1243,'Kaden Snider','Benin','(317) 345-2552'),(1244,'Tamara Woods','Bosnia and Herzegovina','(410) 121-4522'),(1245,'Iris Mann','Korea, South','(375) 661-9405'),(1246,'Delilah Daniels','Guinea','(259) 392-9087'),(1247,'Violet Sampson','Dominica','(960) 294-7501'),(1248,'Medge Buckley','Sao Tome and Principe','(337) 110-9442'),(1249,'Isadora Randall','Denmark','(661) 808-8677'),(1250,'Melissa Serrano','Cuba','(208) 248-7320'),(1251,'Fleur Huffman','Bahamas','(564) 703-7240'),(1252,'Harriet Frost','Argentina','(894) 205-5340'),(1253,'Kathleen Cantu','Tuvalu','(893) 825-9402'),(1254,'Delilah Holder','Colombia','(868) 219-2974'),(1255,'Karina Higgins','Senegal','(450) 568-1798'),(1256,'Jael Kelly','Belgium','(295) 926-6023'),(1257,'Jaden Higgins','Côte D\'Ivoire (Ivory Coast)','(942) 979-4127'),(1258,'Jayme Delacruz','Mauritania','(866) 227-1538'),(1259,'Nina Kelly','Equatorial Guinea','(970) 404-5525'),(1260,'Erica Key','Nauru','(722) 452-4859'),(1261,'Carissa Landry','Ghana','(560) 257-2104'),(1262,'Laura Finch','Aruba','(941) 447-2423'),(1263,'Samantha Guy','Sudan','(816) 364-8396'),(1264,'Claire Rosario','South Sudan','(916) 636-5330'),(1265,'Lillith Knowles','Macao','(951) 787-8429'),(1266,'Myra Leonard','Botswana','(883) 166-7524'),(1267,'Laurel Sims','Turkmenistan','(686) 327-6806'),(1268,'Iliana Robertson','Pakistan','(928) 227-2263'),(1269,'Lucy Romero','Peru','(317) 178-5987'),(1270,'Lacey Rollins','Denmark','(538) 998-3917'),(1271,'Alyssa Hoffman','Lithuania','(178) 851-4839'),(1272,'Ruth Rivers','Isle of Man','(989) 758-1144'),(1273,'Shellie Carson','Ecuador','(629) 296-4856'),(1274,'Kaye Franks','Bahamas','(726) 862-2722'),(1275,'Geraldine Rush','Saudi Arabia','(594) 351-6715'),(1276,'April Kramer','Faroe Islands','(728) 467-1505'),(1277,'Nerea Faulkner','Sudan','(619) 539-6121'),(1278,'Amela Hatfield','Saint Helena, Ascension and Tristan da Cunha','(876) 524-9172'),(1279,'Miriam Hartman','Guadeloupe','(196) 965-3633'),(1280,'Kitra Michael','Norfolk Island','(412) 292-3348'),(1281,'Urielle Williamson','Bosnia and Herzegovina','(285) 218-0268'),(1282,'Abra Gill','Holy See (Vatican City State)','(873) 943-2529'),(1283,'Gloria Everett','Argentina','(269) 427-6855'),(1284,'Jessamine Hood','Vanuatu','(377) 339-1360'),(1285,'Anjolie Carrillo','Cape Verde','(223) 610-1586'),(1286,'Lilah Patrick','Macao','(664) 904-9841'),(1287,'Virginia Pollard','Lithuania','(952) 332-2527'),(1288,'Wynne Hamilton','Canada','(305) 958-2818'),(1289,'Constance Burch','Belize','(991) 811-5813'),(1290,'Kyla Dyer','Brazil','(680) 214-8585'),(1291,'Madeson Hutchinson','Zimbabwe','(510) 367-6774'),(1292,'Mariam Heath','Saint Martin','(464) 565-9479'),(1293,'Nevada Chen','Malaysia','(161) 844-8170'),(1294,'Whilemina Travis','Estonia','(951) 830-7552'),(1295,'Lareina Franks','China','(539) 109-7883'),(1296,'Zenia Browning','Sint Maarten','(834) 212-0664'),(1297,'Camilla Williams','Serbia','(955) 308-4472'),(1298,'Hayley Grant','Anguilla','(499) 780-6276'),(1299,'Tallulah Mcdaniel','Singapore','(682) 876-0491'),(1300,'Xerxes Sandoval','Armenia','(601) 631-3016'),(1301,'Ima Slater','Antarctica','(444) 682-7616'),(1302,'Cora Black','Myanmar','(587) 862-2214'),(1303,'Keelie Langley','Palau','(888) 768-0982'),(1304,'Shafira Hardin','Paraguay','(158) 403-9148'),(1305,'Olga Bender','Luxembourg','(329) 344-9386'),(1306,'Linda Fields','British Indian Ocean Territory','(767) 985-5400'),(1307,'Althea Pope','Zimbabwe','(936) 681-1193'),(1308,'Adrienne Soto','Suriname','(141) 538-9185'),(1309,'Charlotte Pickett','Turkmenistan','(989) 761-7167'),(1310,'Rhonda Mccullough','Mongolia','(238) 587-4322'),(1311,'Eve Richards','Norway','(783) 635-8846'),(1312,'Jena Melton','French Guiana','(871) 811-2929'),(1313,'Hermione Ashley','Russian Federation','(118) 921-8507'),(1314,'Cassidy Sargent','Finland','(212) 113-0942'),(1315,'Maggy Duke','India','(171) 980-7700'),(1316,'Avye Gates','Togo','(986) 943-5162'),(1317,'Leslie Winters','Honduras','(240) 454-6744'),(1318,'Anika Montgomery','Congo (Brazzaville)','(214) 633-2427'),(1319,'Cassandra Lyons','Pitcairn Islands','(837) 363-5618'),(1320,'Linda Sampson','Comoros','(518) 792-7152'),(1321,'Wynter Terry','Eritrea','(122) 276-6672'),(1322,'Tamara Levy','Turks and Caicos Islands','(179) 675-3719'),(1323,'Lillith Bruce','Bahrain','(813) 347-8503'),(1324,'Martena Bradley','Gambia','(107) 896-5180'),(1325,'Olivia Lloyd','Croatia','(933) 177-9627'),(1326,'Cleo England','Italy','(145) 215-2783'),(1327,'Angela Blackburn','Greenland','(417) 503-0510'),(1328,'Whitney Harrison','Saint Pierre and Miquelon','(701) 755-5473'),(1329,'Stella Mckay','Belize','(235) 386-6956'),(1330,'Illana Pena','Brunei','(586) 904-5719'),(1331,'Elaine Cooke','Wallis and Futuna','(203) 856-2864'),(1332,'Carissa Grant','Cambodia','(372) 408-1115'),(1333,'Jessica Munoz','Jamaica','(181) 147-0900'),(1334,'Hilda French','Romania','(618) 391-7791'),(1335,'Minerva Hale','Botswana','(924) 169-7599'),(1336,'Kyra Jenkins','Italy','(239) 621-2401'),(1337,'Aphrodite Tillman','Ukraine','(970) 663-0549'),(1338,'Yoshi Hicks','Saint Vincent and The Grenadines','(205) 536-6020'),(1339,'Irene Roy','United Kingdom (Great Britain)','(650) 552-2680'),(1340,'Guinevere Francis','Azerbaijan','(372) 314-1076'),(1341,'Amber Reese','Svalbard and Jan Mayen Islands','(105) 944-0023'),(1342,'Briar Hamilton','Liberia','(382) 338-2768'),(1343,'Kameko Carney','Bangladesh','(209) 437-5793'),(1344,'Bell Ray','Israel','(708) 637-3392'),(1345,'Ebony Kemp','Philippines','(589) 205-5023'),(1346,'Tamara Richmond','Israel','(443) 683-7032'),(1347,'Veda Wooten','Tuvalu','(874) 326-9487'),(1348,'Emma Dunn','Senegal','(784) 908-6014'),(1349,'Melinda Velazquez','Burkina Faso','(148) 547-7398'),(1350,'Jamalia Ayala','Moldova','(239) 204-2870'),(1351,'Tashya Swanson','Poland','(136) 561-2157'),(1352,'Shelly Larsen','Côte D\'Ivoire (Ivory Coast)','(668) 362-9935'),(1353,'Myra Hancock','Greenland','(223) 821-8445'),(1354,'Fredericka Mayer','Iceland','(771) 694-3682'),(1355,'Cheryl Drake','France','(432) 994-4707'),(1356,'Nell Bush','Laos','(859) 213-6214'),(1357,'Hedy Tran','Dominica','(903) 778-0217'),(1358,'Caryn Page','Uzbekistan','(528) 877-7138'),(1359,'Maite Owen','Lesotho','(993) 209-9261'),(1360,'Aretha Maldonado','Saint Helena, Ascension and Tristan da Cunha','(576) 323-4984'),(1361,'Rana Beasley','Spain','(623) 766-8095'),(1362,'Kaitlin Rich','South Sudan','(963) 405-3868'),(1363,'MacKensie Sullivan','Nigeria','(837) 407-1284'),(1364,'Haviva Hyde','Togo','(870) 891-2491'),(1365,'Rhonda Le','Slovenia','(529) 669-9981'),(1366,'Hilary Bell','Hungary','(491) 533-8712'),(1367,'Whilemina Davenport','South Africa','(509) 819-1348'),(1368,'Zephr Boyd','Palau','(622) 692-0133'),(1369,'Adena Donovan','India','(410) 365-0293'),(1370,'Bryar Rowland','Malaysia','(765) 741-4250'),(1371,'Martha Vasquez','Barbados','(900) 247-8694'),(1372,'Hilary Gould','Samoa','(735) 532-7213'),(1373,'Nayda Benson','Australia','(788) 206-8018'),(1374,'Amanda Salinas','Canada','(530) 585-5676'),(1375,'Quynn Schmidt','Cape Verde','(643) 155-1268'),(1376,'Deborah Morrow','Kyrgyzstan','(520) 529-9715'),(1377,'Freya Chambers','Somalia','(954) 716-6134'),(1378,'Aiko Holcomb','Morocco','(669) 776-2306'),(1379,'Ruby Cervantes','Lithuania','(208) 799-1727'),(1380,'Melissa Ball','Mongolia','(576) 660-5719'),(1381,'Illiana Hood','Ethiopia','(128) 198-2357'),(1382,'Indira Buchanan','Malaysia','(100) 874-4069'),(1383,'Kyra Pickett','Nigeria','(274) 272-5243'),(1384,'Lydia Leblanc','Virgin Islands, British','(936) 135-3991'),(1385,'Tanisha Horn','Trinidad and Tobago','(269) 605-6498'),(1386,'Scarlett May','Svalbard and Jan Mayen Islands','(389) 619-1767'),(1387,'Caryn Crane','Comoros','(857) 874-2989'),(1388,'Unity Eaton','Norfolk Island','(932) 665-0691'),(1389,'Donna Nash','South Africa','(514) 667-8318'),(1390,'Lillith Murray','Somalia','(513) 884-1802'),(1391,'Zoe Wood','Malawi','(662) 342-3178'),(1392,'Medge Walton','Timor-Leste','(548) 328-4326'),(1393,'Lareina Miller','Cuba','(212) 647-5549'),(1394,'Amanda Bates','British Indian Ocean Territory','(541) 925-3164'),(1395,'Alexa Lambert','Pitcairn Islands','(827) 839-6505'),(1396,'Uta Roberts','Senegal','(826) 338-7468'),(1397,'Alyssa Hardy','Equatorial Guinea','(255) 547-6588'),(1398,'Clare Lindsay','Burkina Faso','(393) 813-3114'),(1399,'Regina Moody','Marshall Islands','(509) 992-7420'),(1400,'Sybil Perkins','Honduras','(610) 402-8772'),(1401,'Jessica Fox','Grenada','(634) 173-7492'),(1402,'Britanni Hartman','Botswana','(590) 459-3125'),(1403,'Basia Berg','Congo, the Democratic Republic of the','(609) 505-3484'),(1404,'Shaine Franco','Italy','(964) 776-0978'),(1405,'Lara Dawson','Mozambique','(203) 866-5503'),(1406,'Fay Hays','Azerbaijan','(632) 239-3396'),(1407,'Nerea Goff','Sao Tome and Principe','(540) 719-1109'),(1408,'Olga Hanson','Uganda','(256) 938-4823'),(1409,'Bianca Reid','Palestine, State of','(418) 301-5761'),(1410,'Julie Holman','Saint Kitts and Nevis','(529) 169-0569'),(1411,'Hermione Randolph','Sri Lanka','(668) 548-4720'),(1412,'MacKensie Foley','Tuvalu','(399) 577-4052'),(1413,'Beverly Mcconnell','Niger','(456) 396-9661'),(1414,'Nayda Bernard','Liechtenstein','(788) 852-2721'),(1415,'Autumn Norman','Algeria','(401) 599-5366'),(1416,'Linda Rosa','Nepal','(992) 867-3215'),(1417,'Maia Fitzpatrick','Faroe Islands','(884) 859-9526'),(1418,'Abra Tucker','Montenegro','(373) 565-0122'),(1419,'Adrienne Burke','Turks and Caicos Islands','(987) 267-4572'),(1420,'Brenna Roman','Reunion','(703) 197-8808'),(1421,'Heather Mckenzie','Latvia','(154) 694-2766'),(1422,'Melanie Petty','Macedonia','(588) 719-6164'),(1423,'Candice Hogan','Åland Islands','(125) 833-2451'),(1424,'Madison Castro','Tuvalu','(612) 113-7885'),(1425,'Joan Gay','Jordan','(393) 612-9856'),(1426,'Sydnee Morrison','Turkey','(737) 503-1824'),(1427,'Quincy Lawrence','Saudi Arabia','(334) 939-7634'),(1428,'Melanie Kaufman','Montenegro','(555) 451-6921'),(1429,'Teagan Lindsay','Fiji','(247) 332-0903'),(1430,'Venus Mcintosh','Kenya','(651) 976-6598'),(1431,'Bo Hull','Kazakhstan','(614) 169-1640'),(1432,'Tara White','Estonia','(704) 319-3901'),(1433,'Daphne Copeland','Moldova','(361) 416-5173'),(1434,'Yeo Galloway','Burkina Faso','(349) 898-1454'),(1435,'Hanna Carpenter','Zambia','(994) 581-9537'),(1436,'Zenaida Randall','Haiti','(973) 624-4029'),(1437,'Cameron Anderson','Western Sahara','(183) 178-3603'),(1438,'Indigo Love','Micronesia','(713) 415-5940'),(1439,'Vera Whitney','Mozambique','(698) 915-7116'),(1440,'Larissa Beard','Uruguay','(105) 164-3362'),(1441,'Audrey Knight','Tuvalu','(729) 765-1263'),(1442,'Virginia Shelton','South Africa','(358) 482-7049'),(1443,'Robin Russell','Brunei','(197) 922-0507'),(1444,'Linda Campos','Ethiopia','(909) 458-2673'),(1445,'Hanna Ochoa','Cape Verde','(449) 386-0185'),(1446,'Virginia Dyer','Poland','(916) 948-3786'),(1447,'Renee Holt','Congo (Brazzaville)','(952) 375-8193'),(1448,'Dora Wise','Australia','(560) 906-6666'),(1449,'Lucy Nolan','Bonaire, Sint Eustatius and Saba','(949) 843-8501'),(1450,'Orla Alvarado','Russian Federation','(496) 871-6125'),(1451,'Aretha Daugherty','Zambia','(310) 661-9600'),(1452,'Vera Barnett','Libya','(704) 523-7008'),(1453,'Cheryl Vance','Bulgaria','(641) 369-7562'),(1454,'Kellie Harper','Algeria','(384) 363-9004'),(1455,'Cassidy Camacho','Cocos (Keeling) Islands','(573) 806-8834'),(1456,'Daryl Rowland','Turks and Caicos Islands','(146) 106-6106'),(1457,'Madaline Hendricks','Dominican Republic','(854) 186-4118'),(1458,'Melissa Vazquez','Mozambique','(747) 475-9768'),(1459,'Mari Osborn','India','(486) 455-8719'),(1460,'Isabella Ellis','Lesotho','(484) 673-2375'),(1461,'Inga Lynch','Yemen','(620) 218-4013'),(1462,'Sade Mullins','Senegal','(833) 576-9740'),(1463,'Noelle Mercado','Guadeloupe','(206) 293-8935'),(1464,'Kylan Wilkerson','Eritrea','(881) 133-4507'),(1465,'Piper Kelley','Antigua and Barbuda','(665) 921-4048'),(1466,'Constance Chaney','Madagascar','(895) 784-5190'),(1467,'Samantha Hopkins','Sweden','(784) 992-4767'),(1468,'Odette Nunez','Lebanon','(114) 893-3241'),(1469,'Mara Sweeney','Cape Verde','(193) 940-8475'),(1470,'Zena Michael','Denmark','(439) 194-9822'),(1471,'Noelani Merrill','Guinea-Bissau','(142) 158-0072'),(1472,'Lana Blair','Cape Verde','(702) 375-7593'),(1473,'Inga Phillips','Denmark','(952) 307-3125'),(1474,'Mariko Shepard','Papua New Guinea','(805) 422-6990'),(1475,'Astra Fuentes','Burkina Faso','(671) 180-4511'),(1476,'Nevada Paul','Ecuador','(655) 500-9173'),(1477,'Whoopi Key','Slovenia','(295) 113-4504'),(1478,'Camilla Gates','Montserrat','(437) 523-9350'),(1479,'Christen Rodriquez','French Southern Territories','(247) 712-8120'),(1480,'Sydney Velasquez','Ghana','(488) 650-7074'),(1481,'Hope Bauer','Mauritania','(700) 599-9014'),(1482,'Vera Huffman','Estonia','(262) 139-9053'),(1483,'Veronica Poole','Turks and Caicos Islands','(719) 710-6853'),(1484,'Quon Vincent','Czech Republic','(535) 351-1003'),(1485,'Illana Wyatt','Taiwan','(798) 845-8235'),(1486,'Zoe Bailey','Micronesia','(855) 357-2625'),(1487,'Jillian Watts','Singapore','(330) 872-1322'),(1488,'Hanna Rowland','Sierra Leone','(722) 607-2805'),(1489,'Cheyenne Owen','Mexico','(613) 960-2723'),(1490,'Bree Gray','Antarctica','(195) 370-9436'),(1491,'Rae Dale','Azerbaijan','(301) 864-8779'),(1492,'Inez Farmer','Cocos (Keeling) Islands','(385) 922-9614'),(1493,'Rachel Holmes','British Indian Ocean Territory','(737) 837-4779'),(1494,'Mikayla Russell','Slovakia','(602) 622-5204'),(1495,'Regina Logan','Saint Lucia','(918) 800-1579'),(1496,'Paloma Frank','Swaziland','(614) 727-5600'),(1497,'Leigh Richmond','Saint Pierre and Miquelon','(969) 415-6037'),(1498,'Constance Cabrera','Monaco','(863) 546-0520'),(1499,'Leilani Summers','Cocos (Keeling) Islands','(783) 973-1523'),(1500,'Robin Dillon','Dominican Republic','(911) 478-0141'),(1501,'Vivien Franklin','Guam','(251) 681-0105'),(1502,'Tasha Key','Paraguay','(812) 455-1553'),(1503,'Sharon Holloway','Slovenia','(286) 631-7295'),(1504,'Risa Quinn','Saint Lucia','(770) 608-8742'),(1505,'Allegra Houston','Cook Islands','(953) 518-3792'),(1506,'Nita Barker','Andorra','(949) 637-1221'),(1507,'Martina Mayo','Barbados','(976) 643-4518'),(1508,'Violet Good','Slovakia','(648) 894-4440'),(1509,'Ivana Marsh','Northern Mariana Islands','(892) 746-7103'),(1510,'Daria Alvarez','Guam','(416) 549-5673'),(1511,'Briar Salinas','Belize','(708) 486-9436'),(1512,'Paloma Lang','Holy See (Vatican City State)','(636) 112-1049'),(1513,'India Mcdonald','Liechtenstein','(433) 338-0742'),(1514,'Ingrid Carpenter','British Indian Ocean Territory','(766) 992-6475'),(1515,'Anne Macdonald','Tonga','(625) 161-1973'),(1516,'Laurel Stanley','Guadeloupe','(621) 455-7280'),(1517,'Imelda Adkins','Faroe Islands','(775) 225-6159'),(1518,'Guinevere Fischer','Zimbabwe','(535) 714-9288'),(1519,'Gisela Barr','Montserrat','(256) 334-0327'),(1520,'Uma Alexander','Christmas Island','(252) 789-3571'),(1521,'Emi Schwartz','Kiribati','(416) 748-7616'),(1522,'Daphne Russell','Guinea-Bissau','(988) 660-6857'),(1523,'Allegra Hart','Guam','(222) 908-3076'),(1524,'Dana Fleming','Guadeloupe','(269) 826-7577'),(1525,'Shea Douglas','Central African Republic','(848) 111-1901'),(1526,'Aurora Mcleod','Malaysia','(180) 192-5115'),(1527,'Juliet Kelly','El Salvador','(907) 826-0602'),(1528,'Iris Nolan','Congo (Brazzaville)','(102) 439-0622'),(1529,'Oprah Rodriguez','Venezuela','(967) 676-2602'),(1530,'Petra Best','Zimbabwe','(943) 229-9589'),(1531,'Sage Ward','Russian Federation','(469) 688-8067'),(1532,'Remedios Washington','South Africa','(982) 852-2484'),(1533,'Claudia Woodward','Kenya','(557) 153-1157'),(1534,'Beverly Nielsen','United States','(285) 116-6273'),(1535,'Alana Silva','Belize','(635) 368-2859'),(1536,'Nichole House','Georgia','(534) 742-3095'),(1537,'Madeline Reilly','New Zealand','(796) 738-4118'),(1538,'Francesca Hull','El Salvador','(605) 856-7694'),(1539,'Sloane Alexander','Montserrat','(475) 151-4594'),(1540,'Lydia Howell','Italy','(833) 597-5751'),(1541,'Brittany Mckinney','Cape Verde','(456) 622-3614'),(1542,'Velma Brock','Bangladesh','(152) 166-8652'),(1543,'Clio Yang','Hungary','(605) 628-6392'),(1544,'Illiana Lloyd','Niger','(658) 189-9956'),(1545,'Beatrice Holder','Tanzania','(849) 947-6195'),(1546,'Pascale Walters','Belize','(230) 138-4470'),(1547,'Aurora Lamb','Denmark','(591) 711-1320'),(1548,'Brynne Byers','Martinique','(606) 179-5931'),(1549,'Zena Daugherty','Bosnia and Herzegovina','(211) 292-6805'),(1550,'Idola Johnston','Anguilla','(254) 501-0200'),(1551,'Suki Whitehead','Nicaragua','(481) 218-7244'),(1552,'Clio Brooks','Tonga','(537) 324-1032'),(1553,'Dominique Wilder','Japan','(367) 110-6085'),(1554,'Inez Montoya','Hong Kong','(849) 235-1383'),(1555,'Candice Frye','Monaco','(754) 981-3372'),(1556,'Quyn Curry','Tonga','(858) 276-3640'),(1557,'Kylan Fox','Tajikistan','(792) 107-1084'),(1558,'Cara Martinez','Bhutan','(253) 738-2018'),(1559,'Tamara Harvey','French Southern Territories','(685) 688-9197'),(1560,'Barbara West','Holy See (Vatican City State)','(230) 881-0496'),(1561,'Celeste Chang','Tajikistan','(607) 327-1721'),(1562,'Bell Cherry','Korea, South','(680) 782-5017'),(1563,'Colleen Logan','Malaysia','(795) 790-7693'),(1564,'Abra Shaffer','El Salvador','(790) 227-8138'),(1565,'Sylvia Bird','Canada','(700) 309-2466'),(1566,'Isabelle Barton','Aruba','(938) 737-7519'),(1567,'Dana Bridges','Greece','(271) 222-2179'),(1568,'Eliana Walls','Haiti','(269) 642-0013'),(1569,'Evangeline Haley','Bouvet Island','(682) 416-4693'),(1570,'Callie Snyder','Portugal','(120) 459-5552'),(1571,'Hanae Edwards','Papua New Guinea','(884) 687-7457'),(1572,'Glenna Nielsen','Saint Lucia','(152) 892-8778'),(1573,'Constance Colon','Northern Mariana Islands','(580) 165-0107'),(1574,'Brynne Rojas','Montserrat','(180) 457-7356'),(1575,'Willow Daugherty','Niger','(678) 284-2859'),(1576,'Odette Hoover','Colombia','(382) 872-3668'),(1577,'Tanya Garrett','Costa Rica','(195) 388-4420'),(1578,'Mallory Morrow','Kyrgyzstan','(429) 192-5147'),(1579,'Dawn Garcia','Guernsey','(181) 137-3095'),(1580,'Ina Berg','Israel','(820) 674-2053'),(1581,'Maryam Foley','Anguilla','(247) 996-3399'),(1582,'Ginger Carver','Oman','(406) 850-9772'),(1583,'Rose Perry','Northern Mariana Islands','(228) 292-1019'),(1584,'Yuri House','Portugal','(291) 319-2783'),(1585,'Leigh Trevino','El Salvador','(362) 886-3906'),(1586,'Belle Howell','Swaziland','(412) 857-9976'),(1587,'Sasha Ball','India','(820) 710-8218'),(1588,'Melinda Mcdonald','Isle of Man','(876) 752-1661'),(1589,'Simone Bates','Czech Republic','(926) 845-8704'),(1590,'Sade Russo','Zambia','(658) 567-9580'),(1591,'Cora Vaughn','Liberia','(259) 648-2043'),(1592,'Leslie Smith','Norway','(222) 395-6945'),(1593,'Quincy Sanchez','Kazakhstan','(369) 982-0408'),(1594,'Latifah Weeks','Wallis and Futuna','(826) 378-5766'),(1595,'Zenaida Carney','France','(590) 289-8628'),(1596,'Nomlanga Hawkins','Azerbaijan','(146) 932-2697'),(1597,'Yuri Jenkins','Switzerland','(420) 668-0097'),(1598,'Shelly Davidson','Comoros','(770) 959-3134'),(1599,'Minerva Garner','Bolivia','(686) 733-8738'),(1600,'Sade Kennedy','Greenland','(648) 836-0701'),(1601,'Chaim Q. Robinson','Eritrea','(357) 846-4022'),(1602,'Xaviera K. Ortiz','Bouvet Island','(415) 573-2550'),(1603,'Athena Z. Hogan','Cook Islands','(629) 354-7632'),(1604,'Chiquita V. Clay','Luxembourg','(533) 730-4468'),(1605,'Jeanette P. Joyner','Bosnia and Herzegovina','(904) 175-6551'),(1606,'Sarah Y. Burks','French Polynesia','(600) 844-8282'),(1607,'Timon R. Wilkins','New Caledonia','(368) 265-8806'),(1608,'Raphael D. Wyatt','Italy','(891) 570-6671'),(1609,'Karina P. Dale','Poland','(888) 654-2010'),(1610,'Willow U. Franklin','Costa Rica','(264) 924-9988'),(1611,'Cailin X. Rice','Lesotho','(907) 320-2758'),(1612,'Tamekah M. Bauer','Saint Barthélemy','(994) 559-8836'),(1613,'Kato P. Contreras','Macedonia','(944) 404-7536'),(1614,'Shana R. Fletcher','Ethiopia','(603) 576-0777'),(1615,'Cameran H. Bailey','Puerto Rico','(292) 618-1046'),(1616,'Elaine I. Lester','Palau','(860) 830-7533'),(1617,'Carson E. Foley','Saint Pierre and Miquelon','(322) 416-0076'),(1618,'Adele W. Campbell','French Southern Territories','(741) 762-7688'),(1619,'Fleur I. Valenzuela','Jordan','(917) 695-0257'),(1620,'David N. Miranda','Peru','(373) 128-6617'),(1621,'Cadman N. Hayes','Vanuatu','(507) 710-5203'),(1622,'Brynn V. Hodges','Nauru','(635) 831-4375'),(1623,'Zelenia E. Diaz','Jordan','(562) 468-7573'),(1624,'Preston S. Aguirre','Brunei','(951) 245-4674'),(1625,'Anthony Q. Velazquez','New Zealand','(572) 592-0786'),(1626,'Mari T. Rush','Maldives','(826) 853-0146'),(1627,'Laith K. Valenzuela','Turks and Caicos Islands','(145) 707-0056'),(1628,'TaShya G. Hansen','Azerbaijan','(513) 505-6887'),(1629,'Orli L. Leblanc','Ukraine','(206) 707-0600'),(1630,'Camille V. Carrillo','Panama','(603) 935-8327'),(1631,'Ruby W. Little','Iraq','(463) 448-7833'),(1632,'Unity B. Bentley','Gambia','(749) 493-2509'),(1633,'Josiah F. Duncan','Mauritius','(814) 265-1759'),(1634,'Macey E. Adams','Guinea','(989) 273-5656'),(1635,'Keegan L. Curry','Pakistan','(650) 558-1548'),(1636,'Ina I. Justice','Moldova','(987) 433-4125'),(1637,'Channing D. Small','Jordan','(465) 402-9118'),(1638,'Fiona L. Jacobson','Brunei','(630) 573-7655'),(1639,'Ciaran V. Snyder','Saint Pierre and Miquelon','(479) 459-8455'),(1640,'Demetrius J. Hodges','Svalbard and Jan Mayen Islands','(956) 915-6890'),(1641,'Xaviera K. Tanner','China','(371) 655-5208'),(1642,'Hashim Y. Buckner','Algeria','(266) 628-5329'),(1643,'Germane Y. Snow','Zambia','(176) 307-0693'),(1644,'Amanda D. Stuart','Estonia','(675) 758-7595'),(1645,'Imani T. Maldonado','Fiji','(161) 887-6568'),(1646,'Igor A. Velez','Belgium','(610) 601-2370'),(1647,'Raymond N. Adkins','Estonia','(159) 373-5610'),(1648,'Olga A. Fuentes','French Guiana','(679) 319-4795'),(1649,'Cameran W. Prince','Bulgaria','(420) 347-8608'),(1650,'Nissim W. Ayers','Grenada','(162) 471-8291'),(1651,'Felix A. Bartlett','French Southern Territories','(719) 705-3706'),(1652,'Neil W. Moody','United States','(677) 881-7383'),(1653,'Quail G. Duffy','Sweden','(380) 852-8453'),(1654,'Sara B. Nieves','Algeria','(824) 909-9343'),(1655,'Grace D. Whitaker','Åland Islands','(869) 391-4984'),(1656,'Lareina E. Barber','Somalia','(634) 106-0961'),(1657,'Wanda C. Barron','Lebanon','(266) 288-2211'),(1658,'Julian S. Scott','Japan','(671) 248-2201'),(1659,'Melvin Q. Nelson','Lebanon','(890) 417-1205'),(1660,'Jerome Z. Witt','Sierra Leone','(731) 650-1007'),(1661,'Mallory B. Harding','Guernsey','(887) 119-3106'),(1662,'Tasha M. Rivera','United Arab Emirates','(932) 872-9226'),(1663,'Dahlia H. Sutton','Tokelau','(340) 379-2855'),(1664,'Price G. Sanford','United States','(941) 563-9388'),(1665,'Phoebe P. Baird','Mexico','(892) 450-2232'),(1666,'Leilani E. Nash','Reunion','(570) 670-7899'),(1667,'Amelia J. Morrow','Montserrat','(824) 162-7238'),(1668,'Caryn F. Dillard','Romania','(579) 505-9159'),(1669,'Veda N. Mcgowan','Hong Kong','(826) 686-9906'),(1670,'Holmes E. House','Saint Barthélemy','(463) 353-2241'),(1671,'Bertha M. Gillespie','Belgium','(369) 126-3625'),(1672,'Audrey A. Watson','Panama','(359) 865-5522'),(1673,'Hector R. Buchanan','Spain','(310) 325-4371'),(1674,'Joseph K. Charles','Uruguay','(163) 298-5263'),(1675,'Caryn Y. Whitney','Singapore','(759) 201-2025'),(1676,'Serina Z. Heath','Samoa','(698) 971-9494'),(1677,'Ishmael J. Bates','Gibraltar','(157) 121-1672'),(1678,'Harding J. Anderson','South Sudan','(630) 936-0368'),(1679,'Zephr N. Mcmillan','Guinea','(376) 846-7197'),(1680,'Simon L. Buck','Albania','(702) 138-9671'),(1681,'Nolan H. Cunningham','New Zealand','(324) 338-6170'),(1682,'Guinevere E. Castillo','Åland Islands','(665) 428-6797'),(1683,'Josephine T. Lloyd','Ireland','(680) 526-0225'),(1684,'Ciaran N. Cummings','Korea, South','(966) 418-0002'),(1685,'Megan O. Valenzuela','Guinea','(587) 307-0085'),(1686,'Kim H. Kirkland','Guinea-Bissau','(233) 418-0779'),(1687,'Britanni B. Gilmore','Madagascar','(785) 725-0354'),(1688,'Walker S. Browning','Comoros','(844) 777-9613'),(1689,'Odessa J. Sosa','Albania','(188) 347-6292'),(1690,'Macon G. Lester','Bulgaria','(593) 566-8022'),(1691,'Molly E. Merritt','Laos','(776) 634-7843'),(1692,'Amery R. Schmidt','Cameroon','(160) 394-5519'),(1693,'Kaseem V. Nelson','Finland','(245) 910-0190'),(1694,'Brady O. Kelley','Denmark','(334) 750-3476'),(1695,'Elmo D. Fisher','Antarctica','(152) 824-1313'),(1696,'Richard Q. Mcneil','San Marino','(487) 630-0189'),(1697,'Zahir C. Ellis','Saint Lucia','(537) 710-7105'),(1698,'Virginia L. Nguyen','India','(982) 460-0008'),(1699,'Nola R. Mcmillan','Bhutan','(449) 653-8207'),(1700,'Miranda M. Hoffman','Belize','(847) 449-0154'),(1701,'Ezekiel I. Whitfield','Suriname','(431) 874-6524'),(1702,'Samson O. Wall','Cayman Islands','(416) 129-7180'),(1703,'Blair G. May','Macao','(195) 443-8469'),(1704,'Hiroko W. Greer','Gambia','(828) 265-6791'),(1705,'Shad W. Hodges','Greenland','(573) 779-0778'),(1706,'Sebastian K. Stafford','Djibouti','(373) 738-0532'),(1707,'Tobias A. Stanton','Jamaica','(881) 693-9106'),(1708,'Sage I. Bauer','Denmark','(615) 372-8731'),(1709,'Tana H. Maddox','South Africa','(170) 951-6866'),(1710,'Vanna P. Mullen','Saint Pierre and Miquelon','(563) 481-0179'),(1711,'Regina H. Kent','Ethiopia','(244) 285-3804'),(1712,'Hoyt J. Lopez','Libya','(247) 414-8730'),(1713,'Linda D. Merrill','Marshall Islands','(297) 858-0815'),(1714,'Zelda S. Koch','Namibia','(193) 462-3762'),(1715,'Hayden U. Smith','Kiribati','(299) 621-9215'),(1716,'Daquan X. Baird','Mayotte','(908) 318-8949'),(1717,'Heather Y. Maddox','Kyrgyzstan','(686) 667-5028'),(1718,'Jamal T. Burks','Antarctica','(795) 410-1207'),(1719,'Sean W. Beach','Hong Kong','(928) 418-8913'),(1720,'Stewart Q. Hinton','Uganda','(750) 873-7558'),(1721,'Kirk X. Mathews','Uzbekistan','(697) 549-4329'),(1722,'Sacha S. Pratt','Marshall Islands','(633) 598-7294'),(1723,'Amir M. Donaldson','Trinidad and Tobago','(372) 472-8086'),(1724,'Sasha A. Watson','Gambia','(494) 597-7923'),(1725,'Beatrice G. Petersen','Central African Republic','(320) 774-9176'),(1726,'Nicholas T. Hurley','Fiji','(181) 356-1322'),(1727,'Jonah Z. Short','Iran','(802) 247-0403'),(1728,'Imelda F. Fletcher','Oman','(104) 962-0409'),(1729,'Thor P. Lucas','Antarctica','(689) 111-3969'),(1730,'Amaya C. Leach','Indonesia','(333) 131-0679'),(1731,'Dana Y. Stuart','Turkey','(689) 124-5898'),(1732,'Jacob G. Clay','Ireland','(107) 599-6602'),(1733,'Ursa R. Fischer','Saint Barthélemy','(458) 290-4608'),(1734,'Jermaine T. Glenn','Iceland','(410) 323-5561'),(1735,'Nigel H. Potter','Reunion','(287) 189-7653'),(1736,'Aiko J. Sexton','Bangladesh','(943) 216-8430'),(1737,'Melodie J. Bates','Marshall Islands','(963) 433-9132'),(1738,'Levi H. Clarke','Israel','(838) 812-0960'),(1739,'Warren G. Lynch','Burundi','(364) 722-0152'),(1740,'McKenzie P. Ingram','Vanuatu','(623) 103-3860'),(1741,'Claudia C. Myers','Mexico','(947) 774-8142'),(1742,'Giselle X. Rollins','Ukraine','(809) 200-3143'),(1743,'Libby I. Burt','Egypt','(395) 800-5378'),(1744,'Dorothy P. Reid','Somalia','(266) 555-2362'),(1745,'Odette S. Zamora','Turks and Caicos Islands','(928) 974-3299'),(1746,'Kathleen I. Joyce','Tajikistan','(850) 599-3921'),(1747,'Andrew J. Castillo','Serbia','(470) 461-4778'),(1748,'Kaitlin N. Bond','Chad','(290) 150-3873'),(1749,'Merrill J. Cross','Malaysia','(759) 106-6653'),(1750,'Nyssa K. Potts','Ireland','(293) 145-2768'),(1751,'Idona X. Young','Marshall Islands','(736) 196-4502'),(1752,'Aurelia D. Burch','Lithuania','(655) 595-8396'),(1753,'Garrison Y. Garrison','Djibouti','(374) 795-6105'),(1754,'Rae Y. Hansen','Barbados','(893) 431-6853'),(1755,'Barclay A. Solis','Jersey','(699) 867-7444'),(1756,'Lewis Z. Mueller','Nauru','(397) 993-1984'),(1757,'Jameson I. Oconnor','South Africa','(736) 772-1894'),(1758,'Porter B. Mcgee','Comoros','(872) 968-0327'),(1759,'Felix B. Guthrie','Micronesia','(947) 494-5404'),(1760,'Ahmed J. Cortez','Georgia','(256) 291-9104'),(1761,'Fallon V. Burke','Bouvet Island','(898) 485-0147'),(1762,'Galena Z. Olson','Niue','(380) 985-4040'),(1763,'Kevyn Z. Sellers','Bouvet Island','(645) 271-2553'),(1764,'Cruz D. Hutchinson','Bahrain','(292) 917-0067'),(1765,'Kylan T. Hurley','Oman','(646) 387-6794'),(1766,'Cassandra T. Moran','South Georgia and The South Sandwich Islands','(307) 386-8441'),(1767,'Cody A. Anderson','Poland','(161) 321-0975'),(1768,'Quinn I. Knight','Aruba','(682) 335-2639'),(1769,'Russell H. Dickson','Sint Maarten','(994) 545-9531'),(1770,'Mona N. Barnett','Lithuania','(489) 165-4920'),(1771,'Josiah U. Sims','Viet Nam','(680) 217-5087'),(1772,'Gretchen W. Holland','Italy','(417) 125-8712'),(1773,'Hoyt B. Watts','Latvia','(978) 254-9137'),(1774,'Hillary N. Love','Reunion','(587) 149-7937'),(1775,'Carson E. Travis','Bhutan','(459) 775-6874'),(1776,'Timothy O. English','Laos','(980) 273-6901'),(1777,'Vaughan I. Moore','Guyana','(482) 501-5497'),(1778,'Chloe G. Howell','Dominica','(259) 917-5397'),(1779,'Dacey Y. Vincent','Sint Maarten','(150) 917-8974'),(1780,'Dawn K. Byrd','Nauru','(982) 745-4145'),(1781,'Zeus R. Leach','Equatorial Guinea','(328) 503-2225'),(1782,'Holmes W. Thomas','South Georgia and The South Sandwich Islands','(962) 869-7456'),(1783,'Oren A. Mcfarland','British Indian Ocean Territory','(881) 477-2368'),(1784,'Cairo Z. Ellis','Marshall Islands','(363) 446-2963'),(1785,'Nehru D. Dominguez','Tokelau','(866) 912-0457'),(1786,'Oscar E. Wood','Viet Nam','(405) 198-6044'),(1787,'Callum L. Daniels','Egypt','(715) 398-2511'),(1788,'Mollie P. Benson','Martinique','(269) 991-4358'),(1789,'Hashim M. Curtis','Cyprus','(230) 213-5768'),(1790,'Aquila M. Frazier','Portugal','(466) 259-5539'),(1791,'Vivien W. Chapman','Georgia','(164) 154-8952'),(1792,'Winter N. Stanley','Armenia','(295) 190-9043'),(1793,'Ray S. Jimenez','Georgia','(170) 115-2986'),(1794,'Ivan Z. Keller','Latvia','(403) 289-5154'),(1795,'Gay C. Bowman','Svalbard and Jan Mayen Islands','(153) 497-0979'),(1796,'Ina H. Mcneil','Niger','(348) 403-7246'),(1797,'Keegan V. Schroeder','Reunion','(383) 598-4982'),(1798,'Addison E. Kidd','Cuba','(379) 432-3576'),(1799,'Oscar I. Logan','Norway','(420) 102-0741'),(1800,'Fiona B. Ford','Portugal','(347) 346-9128');
/*!40000 ALTER TABLE `mytable` ENABLE KEYS */;
UNLOCK TABLES;

--
-- Table structure for table `pedido`
--

DROP TABLE IF EXISTS `pedido`;
/*!40101 SET @saved_cs_client     = @@character_set_client */;
/*!40101 SET character_set_client = utf8 */;
CREATE TABLE `pedido` (
  `numero_pedido` int(11) NOT NULL AUTO_INCREMENT,
  `data_emissao` date DEFAULT NULL,
  `hora_emissao` time DEFAULT NULL,
  `codigo_cliente` int(11) DEFAULT NULL,
  PRIMARY KEY (`numero_pedido`),
  KEY `codigo_cliente` (`codigo_cliente`),
  CONSTRAINT `pedido_ibfk_1` FOREIGN KEY (`codigo_cliente`) REFERENCES `cliente` (`codigo`)
) ENGINE=InnoDB AUTO_INCREMENT=17 DEFAULT CHARSET=latin1;
/*!40101 SET character_set_client = @saved_cs_client */;

--
-- Dumping data for table `pedido`
--

LOCK TABLES `pedido` WRITE;
/*!40000 ALTER TABLE `pedido` DISABLE KEYS */;
INSERT INTO `pedido` VALUES (1,'2019-01-01','09:01:00',1),(2,'2019-01-02','09:11:00',3),(3,'2019-01-02','09:21:00',7),(4,'2019-01-06','10:11:00',2),(5,'2019-01-07','10:01:00',6),(6,'2019-01-07','12:01:00',4),(7,'2019-01-12','13:01:00',5),(8,'2019-01-16','14:01:00',1),(9,'2019-02-01','09:01:00',3),(10,'2019-02-02','09:11:00',1),(11,'2019-03-02','09:21:00',8),(12,'2019-03-06','10:11:00',7),(13,'2019-04-07','10:01:00',6),(14,'2019-04-07','12:01:00',5),(15,'2019-04-12','13:01:00',4),(16,'2019-06-16','14:01:00',2);
/*!40000 ALTER TABLE `pedido` ENABLE KEYS */;
UNLOCK TABLES;

--
-- Table structure for table `pedido_item`
--

DROP TABLE IF EXISTS `pedido_item`;
/*!40101 SET @saved_cs_client     = @@character_set_client */;
/*!40101 SET character_set_client = utf8 */;
CREATE TABLE `pedido_item` (
  `id_item` int(11) NOT NULL AUTO_INCREMENT,
  `nro_pedido` int(11) NOT NULL,
  `codigo_produto` int(11) DEFAULT NULL,
  `quantidade` decimal(10,3) DEFAULT NULL,
  `unitario` decimal(10,2) DEFAULT NULL,
  `cancelado` varchar(1) DEFAULT NULL,
  PRIMARY KEY (`id_item`,`nro_pedido`),
  KEY `pedido_item_ibfk_1` (`nro_pedido`),
  CONSTRAINT `pedido_item_ibfk_1` FOREIGN KEY (`nro_pedido`) REFERENCES `pedido` (`numero_pedido`)
) ENGINE=InnoDB AUTO_INCREMENT=31 DEFAULT CHARSET=latin1;
/*!40101 SET character_set_client = @saved_cs_client */;

--
-- Dumping data for table `pedido_item`
--

LOCK TABLES `pedido_item` WRITE;
/*!40000 ALTER TABLE `pedido_item` DISABLE KEYS */;
INSERT INTO `pedido_item` VALUES (1,1,3,2.000,5.80,'N'),(2,1,4,1.000,3.90,'N'),(3,1,7,1.000,58.00,'N'),(4,2,4,1.000,3.90,'N'),(5,2,7,2.000,58.00,'N'),(6,2,3,3.000,5.80,'N'),(7,2,1,1.000,3.20,'N'),(8,3,4,1.000,3.90,'N'),(9,3,7,2.000,58.00,'N'),(10,4,3,3.000,5.80,'N'),(11,4,1,1.000,3.20,'N'),(12,5,2,1.000,38.00,'N'),(13,5,1,2.000,3.20,'N'),(14,6,2,3.000,38.00,'N'),(15,7,1,1.000,3.20,'N'),(16,8,2,1.000,38.00,'N'),(17,9,4,2.000,3.90,'N'),(18,9,8,3.000,13.00,'N'),(19,9,7,2.000,58.00,'N'),(20,10,2,1.000,38.00,'N'),(21,10,4,2.000,3.90,'N'),(22,11,8,3.000,13.00,'N'),(23,12,7,2.000,58.00,'N'),(24,13,2,1.000,38.00,'N'),(25,14,4,2.000,3.90,'N'),(27,16,7,2.000,58.00,'N'),(30,1,3,12.000,NULL,NULL);
/*!40000 ALTER TABLE `pedido_item` ENABLE KEYS */;
UNLOCK TABLES;
/*!50003 SET @saved_cs_client      = @@character_set_client */ ;
/*!50003 SET @saved_cs_results     = @@character_set_results */ ;
/*!50003 SET @saved_col_connection = @@collation_connection */ ;
/*!50003 SET character_set_client  = utf8mb4 */ ;
/*!50003 SET character_set_results = utf8mb4 */ ;
/*!50003 SET collation_connection  = utf8mb4_general_ci */ ;
/*!50003 SET @saved_sql_mode       = @@sql_mode */ ;
/*!50003 SET sql_mode              = 'ONLY_FULL_GROUP_BY,STRICT_TRANS_TABLES,NO_ZERO_IN_DATE,NO_ZERO_DATE,ERROR_FOR_DIVISION_BY_ZERO,NO_ENGINE_SUBSTITUTION' */ ;
DELIMITER ;;
/*!50003 CREATE*/ /*!50017 DEFINER=`root`@`localhost`*/ /*!50003 trigger tr_baixa_estoque 
after insert on pedido_item
for each row
begin
	update produto
	set produto.estoque_atual = produto.estoque_atual - new.quantidade
	where produto.codigo = new.codigo_produto;   
end */;;
DELIMITER ;
/*!50003 SET sql_mode              = @saved_sql_mode */ ;
/*!50003 SET character_set_client  = @saved_cs_client */ ;
/*!50003 SET character_set_results = @saved_cs_results */ ;
/*!50003 SET collation_connection  = @saved_col_connection */ ;
/*!50003 SET @saved_cs_client      = @@character_set_client */ ;
/*!50003 SET @saved_cs_results     = @@character_set_results */ ;
/*!50003 SET @saved_col_connection = @@collation_connection */ ;
/*!50003 SET character_set_client  = utf8mb4 */ ;
/*!50003 SET character_set_results = utf8mb4 */ ;
/*!50003 SET collation_connection  = utf8mb4_general_ci */ ;
/*!50003 SET @saved_sql_mode       = @@sql_mode */ ;
/*!50003 SET sql_mode              = 'ONLY_FULL_GROUP_BY,STRICT_TRANS_TABLES,NO_ZERO_IN_DATE,NO_ZERO_DATE,ERROR_FOR_DIVISION_BY_ZERO,NO_ENGINE_SUBSTITUTION' */ ;
DELIMITER ;;
/*!50003 CREATE*/ /*!50017 DEFINER=`root`@`localhost`*/ /*!50003 TRIGGER `aula_mysql`.`pedido_item_AFTER_DELETE` AFTER DELETE ON `pedido_item` FOR EACH ROW
BEGIN
	update produto
	set produto.estoque_atual = produto.estoque_atual + old.quantidade
	where produto.codigo = old.codigo_produto;
END */;;
DELIMITER ;
/*!50003 SET sql_mode              = @saved_sql_mode */ ;
/*!50003 SET character_set_client  = @saved_cs_client */ ;
/*!50003 SET character_set_results = @saved_cs_results */ ;
/*!50003 SET collation_connection  = @saved_col_connection */ ;

--
-- Table structure for table `pedido_pagamento`
--

DROP TABLE IF EXISTS `pedido_pagamento`;
/*!40101 SET @saved_cs_client     = @@character_set_client */;
/*!40101 SET character_set_client = utf8 */;
CREATE TABLE `pedido_pagamento` (
  `id_pgto` int(11) NOT NULL AUTO_INCREMENT,
  `nro_pedido` int(11) NOT NULL,
  `Tipo` varchar(10) DEFAULT NULL,
  `Recebido` decimal(10,2) DEFAULT NULL,
  PRIMARY KEY (`id_pgto`,`nro_pedido`),
  KEY `pedido_pagamento_ibfk_1` (`nro_pedido`),
  CONSTRAINT `pedido_pagamento_ibfk_1` FOREIGN KEY (`nro_pedido`) REFERENCES `pedido` (`numero_pedido`)
) ENGINE=InnoDB AUTO_INCREMENT=18 DEFAULT CHARSET=latin1;
/*!40101 SET character_set_client = @saved_cs_client */;

--
-- Dumping data for table `pedido_pagamento`
--

LOCK TABLES `pedido_pagamento` WRITE;
/*!40000 ALTER TABLE `pedido_pagamento` DISABLE KEYS */;
INSERT INTO `pedido_pagamento` VALUES (1,1,'DINHEIRO',73.50),(2,2,'DINHEIRO',140.50),(3,3,'CHEQUE',119.90),(4,4,'CREDITO',10.30),(5,4,'DEBITO',10.30),(6,5,'DEBITO',44.40),(7,6,'CHEQUE',114.00),(8,7,'DINHEIRO',3.20),(9,8,'CREDITO',38.00),(10,9,'DEBITO',162.80),(11,10,'DINHEIRO',45.80),(12,11,'DEBITO',39.00),(13,12,'CREDITO',116.00),(14,13,'CREDIARIO',38.00),(15,14,'DEBITO',7.80),(16,15,'CREDIARIO',39.00),(17,16,'DEBITO',116.00);
/*!40000 ALTER TABLE `pedido_pagamento` ENABLE KEYS */;
UNLOCK TABLES;

--
-- Table structure for table `produto`
--

DROP TABLE IF EXISTS `produto`;
/*!40101 SET @saved_cs_client     = @@character_set_client */;
/*!40101 SET character_set_client = utf8 */;
CREATE TABLE `produto` (
  `codigo` int(11) NOT NULL AUTO_INCREMENT,
  `descricao` varchar(45) DEFAULT NULL,
  `custo` decimal(9,2) DEFAULT NULL,
  `estoque_atual` decimal(9,3) DEFAULT NULL,
  `cod_grupo` int(11) DEFAULT NULL,
  PRIMARY KEY (`codigo`),
  KEY `fk_produto_1_idx` (`cod_grupo`),
  CONSTRAINT `fk_produto_1` FOREIGN KEY (`cod_grupo`) REFERENCES `grupo` (`codigo`) ON DELETE NO ACTION ON UPDATE NO ACTION
) ENGINE=InnoDB AUTO_INCREMENT=22 DEFAULT CHARSET=latin1;
/*!40101 SET character_set_client = @saved_cs_client */;

--
-- Dumping data for table `produto`
--

LOCK TABLES `produto` WRITE;
/*!40000 ALTER TABLE `produto` DISABLE KEYS */;
INSERT INTO `produto` VALUES (1,'PÃO',3.20,8.000,2),(2,'PICANHA',38.00,-4.000,1),(3,'CERVEJA',5.80,8.000,3),(4,'MACARRÃO',3.90,7.000,3),(5,'COSTELA',13.00,8.000,1),(6,'LASANHA CONGELADA',16.00,6.000,NULL),(7,'BACALHAU',58.00,10.000,NULL),(8,'DESODORANTE',13.00,10.000,4),(9,'BOLO DE FUBÁ',5.00,10.000,2),(10,'AÇAÍ',10.00,-15.000,NULL),(11,'REFR. FANTA LARANJA',11.00,10.000,NULL),(12,'REFR. FATA UVA',12.00,10.000,NULL),(13,'REFR. PEPSI',13.00,10.000,NULL),(14,'FILE PARMEGIANA',14.00,5.000,NULL),(15,'FILE A MORAES',15.00,10.000,NULL),(16,'FILE A CAVALO',16.00,10.000,NULL),(17,'FILE AO ALHO',17.00,10.000,NULL),(18,'BATATA RECH CALABRESA',18.00,10.000,NULL),(19,'BATATA RECH PRESUNTO E QUEIJO',19.00,10.000,NULL),(20,'BATATA RECH STROGONOFF',20.00,10.000,NULL),(21,'BATATA RECH PORTUGUESA ',21.00,10.000,NULL);
/*!40000 ALTER TABLE `produto` ENABLE KEYS */;
UNLOCK TABLES;

--
-- Table structure for table `produto_bkp`
--

DROP TABLE IF EXISTS `produto_bkp`;
/*!40101 SET @saved_cs_client     = @@character_set_client */;
/*!40101 SET character_set_client = utf8 */;
CREATE TABLE `produto_bkp` (
  `codigo` int(11) NOT NULL AUTO_INCREMENT,
  `descricao` varchar(45) DEFAULT NULL,
  `custo` decimal(9,2) DEFAULT NULL,
  `estoque_atual` decimal(9,3) DEFAULT NULL,
  `cod_grupo` int(11) DEFAULT NULL,
  PRIMARY KEY (`codigo`),
  KEY `fk_produto_1_idx` (`cod_grupo`)
) ENGINE=InnoDB AUTO_INCREMENT=22 DEFAULT CHARSET=latin1;
/*!40101 SET character_set_client = @saved_cs_client */;

--
-- Dumping data for table `produto_bkp`
--

LOCK TABLES `produto_bkp` WRITE;
/*!40000 ALTER TABLE `produto_bkp` DISABLE KEYS */;
INSERT INTO `produto_bkp` VALUES (6,'LASANHA CONGELADA',16.00,6.000,NULL),(7,'BACALHAU',58.00,10.000,NULL),(8,'DESODORANTE',13.00,10.000,4),(9,'BOLO DE FUBÁ',5.00,10.000,2),(10,'AÇAÍ',10.00,-15.000,NULL),(11,'REFR. FANTA LARANJA',11.00,10.000,NULL),(12,'REFR. FATA UVA',12.00,10.000,NULL),(13,'REFR. PEPSI',13.00,10.000,NULL),(14,'FILE PARMEGIANA',14.00,5.000,NULL),(15,'FILE A MORAES',15.00,10.000,NULL),(16,'FILE A CAVALO',16.00,10.000,NULL),(17,'FILE AO ALHO',17.00,10.000,NULL),(18,'BATATA RECH CALABRESA',18.00,10.000,NULL),(19,'BATATA RECH PRESUNTO E QUEIJO',19.00,10.000,NULL),(20,'BATATA RECH STROGONOFF',20.00,10.000,NULL),(21,'BATATA RECH PORTUGUESA ',21.00,10.000,NULL);
/*!40000 ALTER TABLE `produto_bkp` ENABLE KEYS */;
UNLOCK TABLES;

--
-- Table structure for table `usuario`
--

DROP TABLE IF EXISTS `usuario`;
/*!40101 SET @saved_cs_client     = @@character_set_client */;
/*!40101 SET character_set_client = utf8 */;
CREATE TABLE `usuario` (
  `nome` varchar(15) COLLATE latin1_general_ci NOT NULL,
  `senha` varchar(30) COLLATE latin1_general_ci DEFAULT NULL,
  PRIMARY KEY (`nome`)
) ENGINE=InnoDB DEFAULT CHARSET=latin1 COLLATE=latin1_general_ci;
/*!40101 SET character_set_client = @saved_cs_client */;

--
-- Dumping data for table `usuario`
--

LOCK TABLES `usuario` WRITE;
/*!40000 ALTER TABLE `usuario` DISABLE KEYS */;
INSERT INTO `usuario` VALUES ('DANIEL','à%×oG‰B´Jls§Yb'),('EDER','¢ÃÂ+’^ ùt¥^Ñæ');
/*!40000 ALTER TABLE `usuario` ENABLE KEYS */;
UNLOCK TABLES;

--
-- Temporary table structure for view `vw_inventario`
--

DROP TABLE IF EXISTS `vw_inventario`;
/*!50001 DROP VIEW IF EXISTS `vw_inventario`*/;
SET @saved_cs_client     = @@character_set_client;
SET character_set_client = utf8;
/*!50001 CREATE VIEW `vw_inventario` AS SELECT 
 1 AS `codigo`,
 1 AS `descricao`,
 1 AS `estoque_atual`*/;
SET character_set_client = @saved_cs_client;

--
-- Temporary table structure for view `vw_itempedido`
--

DROP TABLE IF EXISTS `vw_itempedido`;
/*!50001 DROP VIEW IF EXISTS `vw_itempedido`*/;
SET @saved_cs_client     = @@character_set_client;
SET character_set_client = utf8;
/*!50001 CREATE VIEW `vw_itempedido` AS SELECT 
 1 AS `numero_pedido`,
 1 AS `codigo_produto`,
 1 AS `descricao`,
 1 AS `quantidade`,
 1 AS `unitario`,
 1 AS `Total`*/;
SET character_set_client = @saved_cs_client;

--
-- Final view structure for view `vw_inventario`
--

/*!50001 DROP VIEW IF EXISTS `vw_inventario`*/;
/*!50001 SET @saved_cs_client          = @@character_set_client */;
/*!50001 SET @saved_cs_results         = @@character_set_results */;
/*!50001 SET @saved_col_connection     = @@collation_connection */;
/*!50001 SET character_set_client      = utf8mb4 */;
/*!50001 SET character_set_results     = utf8mb4 */;
/*!50001 SET collation_connection      = utf8mb4_general_ci */;
/*!50001 CREATE ALGORITHM=UNDEFINED */
/*!50013 DEFINER=`root`@`localhost` SQL SECURITY DEFINER */
/*!50001 VIEW `vw_inventario` AS select `p`.`codigo` AS `codigo`,`p`.`descricao` AS `descricao`,`p`.`estoque_atual` AS `estoque_atual` from `produto` `p` */;
/*!50001 SET character_set_client      = @saved_cs_client */;
/*!50001 SET character_set_results     = @saved_cs_results */;
/*!50001 SET collation_connection      = @saved_col_connection */;

--
-- Final view structure for view `vw_itempedido`
--

/*!50001 DROP VIEW IF EXISTS `vw_itempedido`*/;
/*!50001 SET @saved_cs_client          = @@character_set_client */;
/*!50001 SET @saved_cs_results         = @@character_set_results */;
/*!50001 SET @saved_col_connection     = @@collation_connection */;
/*!50001 SET character_set_client      = utf8mb4 */;
/*!50001 SET character_set_results     = utf8mb4 */;
/*!50001 SET collation_connection      = utf8mb4_general_ci */;
/*!50001 CREATE ALGORITHM=UNDEFINED */
/*!50013 DEFINER=`root`@`localhost` SQL SECURITY DEFINER */
/*!50001 VIEW `vw_itempedido` AS select `pe`.`numero_pedido` AS `numero_pedido`,`it`.`codigo_produto` AS `codigo_produto`,`pr`.`descricao` AS `descricao`,`it`.`quantidade` AS `quantidade`,`it`.`unitario` AS `unitario`,sum((`it`.`quantidade` * `it`.`unitario`)) AS `Total` from ((`pedido` `pe` left join `pedido_item` `it` on((`it`.`nro_pedido` = `pe`.`numero_pedido`))) left join `produto` `pr` on((`pr`.`codigo` = `it`.`codigo_produto`))) group by `pe`.`numero_pedido`,`it`.`codigo_produto`,`pr`.`descricao`,`it`.`quantidade`,`it`.`unitario` */;
/*!50001 SET character_set_client      = @saved_cs_client */;
/*!50001 SET character_set_results     = @saved_cs_results */;
/*!50001 SET collation_connection      = @saved_col_connection */;
/*!40103 SET TIME_ZONE=@OLD_TIME_ZONE */;

/*!40101 SET SQL_MODE=@OLD_SQL_MODE */;
/*!40014 SET FOREIGN_KEY_CHECKS=@OLD_FOREIGN_KEY_CHECKS */;
/*!40014 SET UNIQUE_CHECKS=@OLD_UNIQUE_CHECKS */;
/*!40101 SET CHARACTER_SET_CLIENT=@OLD_CHARACTER_SET_CLIENT */;
/*!40101 SET CHARACTER_SET_RESULTS=@OLD_CHARACTER_SET_RESULTS */;
/*!40101 SET COLLATION_CONNECTION=@OLD_COLLATION_CONNECTION */;
/*!40111 SET SQL_NOTES=@OLD_SQL_NOTES */;

-- Dump completed on 2020-03-22 17:37:15
